image_number,vertex_number,i,j,labels,kind
1,1,0,1057,1,T
1,2,0,1077,2,E
1,3,0,1079,2,B
1,4,0,1081,2,E
1,5,7,1061,3,E
1,6,8,1059,3,E
1,7,8,1061,3,B
1,8,8,1063,3,E
1,9,9,1060,3,B
1,10,9,1062,3,B
1,11,10,1061,3,B
1,12,10,1103,5,E
1,13,14,1067,3,E
1,14,15,1028,3,E
1,15,15,1059,3,B
1,16,16,1066,3,B
1,17,16,1100,5,E
1,18,17,1082,2,T
1,19,18,1067,3,E
1,20,18,1099,5,B
1,21,20,1084,2,T
1,22,21,1092,5,E
1,23,23,1106,5,B
1,24,24,1049,3,T
1,25,24,1085,2,B
1,26,24,1100,5,B
1,27,25,1045,3,B
1,28,27,1088,2,E
1,29,27,1097,5,B
1,30,29,1046,6,E
1,31,29,1063,7,E
1,32,29,1099,5,T
1,33,29,1109,5,E
1,34,30,1092,5,E
1,35,31,1046,6,B
1,36,31,1047,6,E
1,37,32,1101,5,T
1,38,33,1046,6,T
1,39,33,1070,7,T
1,40,34,1086,5,E
1,41,35,1054,8,E
1,42,35,1061,8,T
1,43,36,1047,6,T
1,44,36,1056,8,B
1,45,36,1071,7,T
1,46,36,1088,5,B
1,47,37,1055,8,E
1,48,38,1041,9,E
1,49,38,1051,6,E
1,50,38,1062,8,T
1,51,38,1098,5,B
1,52,39,1040,9,T
1,53,39,1056,8,E
1,54,39,1077,2,E
1,55,40,1041,9,T
1,56,40,1042,9,E
1,57,41,1038,9,T
1,58,41,1088,5,B
1,59,41,1098,5,B
1,60,42,1057,8,B
1,61,42,1075,11,E
1,62,42,1086,5,E
1,63,42,1100,5,E
1,64,43,1037,9,E
1,65,43,1056,8,E
1,66,43,1076,11,T
1,67,43,1080,11,T
1,68,43,1081,11,E
1,69,44,1070,7,E
1,70,44,1074,11,E
1,71,44,1103,13,E
1,72,45,1052,12,T
1,73,45,1090,5,B
1,74,46,1053,12,E
1,75,47,1045,14,B
1,76,48,1043,14,T
1,77,48,1046,14,E
1,78,48,1056,17,E
1,79,48,1087,5,E
1,80,48,1093,5,B
1,81,49,1042,14,E
1,82,49,1111,13,B
1,83,49,1128,16,B
1,84,50,1070,19,E
1,85,50,1072,19,E
1,86,50,1095,5,B
1,87,50,1110,13,E
1,88,50,1112,13,E
1,89,50,1127,16,E
1,90,51,1066,15,T
1,91,51,1071,19,B
1,92,51,1080,19,E
1,93,51,1099,5,E
1,94,53,1066,15,E
1,95,53,1122,13,B
1,96,54,1048,20,T
1,97,54,1089,5,E
1,98,55,1047,20,E
1,99,55,1072,19,B
1,100,55,1080,19,B
1,101,55,1090,5,B
1,102,55,1091,5,B
1,103,55,1124,13,E
1,104,56,1075,19,T
1,105,56,1079,19,T
1,106,56,1089,5,E
1,107,56,1092,5,E
1,108,56,1116,13,T
1,109,57,1032,22,E
1,110,57,1045,22,E
1,111,57,1113,13,T
1,112,58,1034,22,T
1,113,58,1038,22,T
1,114,58,1067,19,E
1,115,59,1035,22,T
1,116,59,1122,23,E
1,117,60,1049,24,E
1,118,60,1061,17,T
1,119,61,1027,27,E
1,120,62,1089,19,E
1,121,63,1031,22,E
1,122,63,1048,24,T
1,123,63,1072,28,E
1,124,63,1084,29,E
1,125,64,954,26,E
1,126,64,1061,17,T
1,127,65,961,26,T
1,128,65,1045,24,B
1,129,65,1070,28,T
1,130,65,1091,30,E
1,131,65,1117,23,B
1,132,66,958,26,T
1,133,66,979,26,E
1,134,66,1000,32,E
1,135,66,1002,32,E
1,136,66,1042,24,E
1,137,66,1050,24,T
1,138,66,1053,24,E
1,139,66,1083,29,T
1,140,67,957,26,B
1,141,67,1001,32,T
1,142,67,1052,24,B
1,143,67,1057,17,E
1,144,67,1066,28,E
1,145,67,1078,29,E
1,146,67,1080,29,T
1,147,68,987,31,T
1,148,68,991,31,T
1,149,68,994,31,E
1,150,68,1058,17,B
1,151,68,1067,28,B
1,152,68,1068,28,B
1,153,68,1079,29,T
1,154,68,1092,30,T
1,155,69,966,33,E
1,156,69,993,31,B
1,157,69,1053,24,E
1,158,69,1078,29,E
1,159,69,1115,23,T
1,160,69,1116,23,T
1,161,70,965,33,T
1,162,70,986,31,E
1,163,70,1066,28,E
1,164,70,1094,30,T
1,165,70,1113,23,E
1,166,71,993,31,E
1,167,71,1088,30,E
1,168,71,1091,30,T
1,169,72,968,34,E
1,170,72,1008,36,E
1,171,72,1089,30,B
1,172,73,976,34,T
1,173,73,979,34,T
1,174,73,1087,30,E
1,175,73,1088,30,B
1,176,73,1119,23,B
1,177,74,1041,39,E
1,178,74,1052,17,E
1,179,74,1118,23,E
1,180,75,987,34,E
1,181,75,994,40,E
1,182,75,997,40,E
1,183,75,1019,27,B
1,184,75,1020,27,E
1,185,75,1034,38,E
1,186,75,1120,23,E
1,187,76,995,40,B
1,188,76,1043,39,B
1,189,76,1085,30,B
1,190,77,995,40,T
1,191,77,1066,41,E
1,192,78,949,26,B
1,193,78,1048,39,E
1,194,78,1084,30,E
1,195,78,1090,30,E
1,196,79,1009,36,B
1,197,79,1047,39,B
1,198,79,1073,30,E
1,199,79,1106,43,E
1,200,80,951,26,E
1,201,80,1034,38,T
1,202,80,1046,39,B
1,203,80,1078,42,E
1,204,80,1105,43,B
1,205,81,946,26,E
1,206,81,995,40,T
1,207,81,1002,36,E
1,208,81,1024,27,E
1,209,81,1027,38,E
1,210,81,1079,42,B
1,211,82,996,40,B
1,212,82,1020,27,B
1,213,82,1031,38,B
1,214,82,1057,41,E
1,215,82,1081,42,E
1,216,83,995,40,B
1,217,83,997,40,B
1,218,83,1019,27,B
1,219,83,1032,38,B
1,220,83,1047,39,E
1,221,83,1064,41,T
1,222,83,1085,42,E
1,223,84,994,40,E
1,224,84,996,40,B
1,225,84,998,40,E
1,226,84,1014,27,E
1,227,84,1041,27,E
1,228,84,1087,42,E
1,229,85,996,40,E
1,230,85,1001,45,E
1,231,85,1066,41,T
1,232,85,1086,42,B
1,233,85,1104,43,T
1,234,86,1002,45,T
1,235,86,1010,36,T
1,236,86,1033,38,E
1,237,86,1055,27,E
1,238,87,1021,27,B
1,239,87,1040,27,B
1,240,87,1064,41,T
1,241,87,1069,41,E
1,242,87,1086,42,B
1,243,88,1020,27,E
1,244,88,1106,43,E
1,245,89,1038,27,E
1,246,90,992,46,T
1,247,90,1010,36,T
1,248,90,1082,42,B
1,249,91,993,46,E
1,250,91,1052,27,B
1,251,91,1097,42,E
1,252,92,1033,27,E
1,253,92,1049,27,B
1,254,92,1084,42,E
1,255,93,1013,36,B
1,256,94,1064,41,E
1,257,95,1011,36,E
1,258,95,1032,27,E
1,259,95,1033,27,B
1,260,95,1093,48,E
1,261,96,1059,27,E
1,262,97,1028,27,T
1,263,97,1087,49,E
1,264,98,1062,42,E
1,265,98,1086,49,T
1,266,98,1094,48,B
1,267,99,1070,42,B
1,268,99,1077,42,T
1,269,99,1083,49,T
1,270,99,1087,49,E
1,271,100,1018,36,E
1,272,100,1030,27,T
1,273,100,1082,49,E
1,274,100,1089,48,E
1,275,101,1032,27,B
1,276,101,1061,42,B
1,277,101,1075,42,T
1,278,101,1091,48,B
1,279,102,1068,42,B
1,280,102,1074,42,B
1,281,103,1044,27,B
1,282,103,1057,42,E
1,283,104,1068,42,E
1,284,104,1074,42,E
1,285,109,1059,27,E
1,286,110,1052,27,B
1,287,112,1052,27,E
1,288,114,1040,52,T
1,289,115,1041,52,E
1,290,116,1050,53,E
1,291,117,1048,53,T
1,292,117,1050,53,B
1,293,118,1052,53,E
1,294,120,1045,56,E
1,295,122,1037,56,T
1,296,122,1041,56,T
1,297,123,1036,56,E
1,298,123,1041,56,T
1,299,124,1042,56,E
1,300,127,1077,57,E
1,301,130,1080,57,T
1,302,133,1084,57,B
1,303,134,67,58,E
1,304,135,1087,57,E
1,305,136,56,58,E
1,306,136,67,58,B
1,307,138,58,58,B
1,308,139,71,58,B
1,309,141,77,58,E
1,310,143,114,58,E
1,311,146,65,58,E
1,312,151,78,58,B
1,313,152,79,58,B
1,314,153,79,58,B
1,315,154,97,58,E
1,316,155,76,58,E
1,317,157,68,58,E
1,318,158,94,58,B
1,319,161,67,58,E
1,320,161,79,58,B
1,321,163,68,58,B
1,322,164,63,59,E
1,323,165,102,60,E
1,324,166,61,59,B
1,325,166,101,60,T
1,326,168,74,58,E
1,327,168,90,58,B
1,328,170,59,59,T
1,329,170,73,58,B
1,330,170,81,58,B
1,331,171,74,58,E
1,332,172,85,58,B
1,333,173,57,59,E
1,334,173,68,61,E
1,335,174,67,61,T
1,336,174,116,58,B
1,337,175,78,58,E
1,338,175,115,58,E
1,339,176,131,58,E
1,340,177,65,61,T
1,341,177,66,61,T
1,342,177,88,58,E
1,343,178,55,62,E
1,344,178,64,61,E
1,345,178,67,61,E
1,346,178,85,58,B
1,347,179,54,62,T
1,348,179,86,58,E
1,349,182,82,58,B
1,350,183,69,64,E
1,351,183,122,58,B
1,352,184,80,58,E
1,353,185,97,58,E
1,354,186,59,64,E
1,355,187,114,58,E
1,356,189,59,64,B
1,357,189,93,58,B
1,358,189,116,58,B
1,359,189,121,58,B
1,360,190,50,64,E
1,361,190,72,64,B
1,362,191,56,64,B
1,363,191,124,58,B
1,364,192,45,64,E
1,365,192,114,58,E
1,366,194,77,64,B
1,367,194,100,58,T
1,368,195,72,64,T
1,369,195,76,64,E
1,370,195,87,64,E
1,371,195,109,58,E
1,372,196,51,64,B
1,373,197,52,64,E
1,374,197,71,64,T
1,375,197,101,58,T
1,376,197,134,58,E
1,377,198,74,64,T
1,378,199,103,58,B
1,379,200,76,64,B
1,380,201,101,58,B
1,381,202,74,64,E
1,382,204,120,58,B
1,383,205,71,64,E
1,384,206,108,58,B
1,385,208,74,64,B
1,386,209,87,58,B
1,387,210,84,58,E
1,388,211,101,58,E
1,389,211,106,58,E
1,390,212,80,64,E
1,391,214,97,58,B
1,392,217,72,64,B
1,393,217,99,58,E
1,394,220,60,66,E
1,395,220,121,58,E
1,396,221,61,66,T
1,397,221,69,64,E
1,398,222,67,66,E
1,399,223,65,66,B
1,400,225,61,66,T
1,401,226,60,66,E
1,402,227,49,68,E
1,403,228,48,68,T
1,404,332,1023,69,E
1,405,334,1009,69,E
1,406,336,1018,69,T
1,407,336,1020,69,B
1,408,337,1006,69,E
1,409,337,1007,69,B
1,410,338,1008,69,B
1,411,338,1015,69,B
1,412,339,1007,69,E
1,413,341,1011,69,B
1,414,341,1047,71,E
1,415,343,1042,72,E
1,416,344,1041,72,B
1,417,345,1018,69,E
1,418,345,1033,72,T
1,419,345,1037,72,T
1,420,345,1043,72,E
1,421,347,1017,69,E
1,422,348,1047,71,E
1,423,349,1030,72,E
1,424,350,1046,71,B
1,425,350,1055,71,T
1,426,352,1021,73,E
1,427,352,1036,74,E
1,428,352,1039,71,E
1,429,353,1035,74,T
1,430,353,1054,71,T
1,431,355,1020,75,E
1,432,356,1019,75,B
1,433,357,1018,75,B
1,434,357,1020,75,B
1,435,357,1021,75,E
1,436,358,1019,75,B
1,437,358,1043,73,E
1,438,359,1020,75,E
1,439,359,1027,73,B
1,440,359,1041,73,B
1,441,360,1026,73,E
1,442,360,1029,73,T
1,443,360,1042,73,E
1,444,361,1009,75,E
1,445,361,1011,75,B
1,446,362,1012,75,T
1,447,362,1033,73,B
1,448,363,1026,76,E
1,449,363,1031,73,T
1,450,364,1025,76,T
1,451,365,1013,75,T
1,452,366,1023,76,T
1,453,367,1022,76,E
1,454,369,1029,73,E
1,455,371,1031,77,E
1,456,374,1010,75,E
1,457,374,1031,77,T
1,458,377,1029,77,T
1,459,378,1008,78,E
1,460,380,1026,77,E
1,461,386,1033,78,E
1,462,387,1017,78,B
1,463,387,1027,78,B
1,464,387,1032,78,B
1,465,389,1017,78,B
1,466,391,1011,78,E
1,467,392,1013,78,B
1,468,393,1025,78,B
1,469,394,1026,78,T
1,470,395,1028,78,B
1,471,395,1030,78,E
1,472,398,1026,78,T
1,473,398,1034,78,B
1,474,399,1022,78,E
1,475,401,1024,78,B
1,476,401,1032,78,E
1,477,401,1036,78,E
1,478,402,1012,78,E
1,479,403,1033,78,E
1,480,406,1028,78,B
1,481,407,1033,78,B
1,482,413,1027,78,E
1,483,422,1026,78,E
1,484,423,1025,78,B
1,485,428,1027,78,E
1,486,439,1167,79,E
1,487,440,1169,79,E
1,488,441,1168,79,B
1,489,442,1161,79,E
1,490,442,1170,79,E
1,491,443,1162,79,T
1,492,444,1164,79,B
1,493,447,1162,79,T
1,494,452,1165,79,E
1,495,454,1170,80,T
1,496,455,1169,80,E
1,497,456,1147,81,E
1,498,459,1150,81,B
1,499,459,1151,81,T
1,500,459,1155,81,T
1,501,461,1145,81,E
1,502,461,1158,81,B
1,503,462,1146,81,B
1,504,462,1192,84,E
1,505,463,1167,81,E
1,506,463,1208,82,T
1,507,464,1138,83,E
1,508,464,1209,82,E
1,509,465,1161,81,E
1,510,465,1179,84,E
1,511,465,1184,84,T
1,512,465,1188,84,T
1,513,466,1180,84,B
1,514,467,1187,84,B
1,515,468,1157,83,E
1,516,469,1192,85,E
1,517,470,1144,81,E
1,518,470,1176,84,B
1,519,472,1143,83,E
1,520,472,1193,85,B
1,521,472,1210,85,E
1,522,473,1142,83,B
1,523,473,1149,83,E
1,524,473,1177,84,B
1,525,473,1180,84,E
1,526,474,1200,85,B
1,527,474,1201,85,T
1,528,475,1147,83,E
1,529,475,1149,83,B
1,530,475,1166,84,B
1,531,476,1152,83,B
1,532,476,1199,85,T
1,533,477,1151,83,B
1,534,477,1169,84,B
1,535,477,1182,84,B
1,536,477,1198,85,E
1,537,477,1202,85,T
1,538,478,1154,83,E
1,539,478,1205,85,E
1,540,479,1191,85,E
1,541,479,1204,85,B
1,542,480,1204,85,B
1,543,481,1203,85,E
1,544,483,1145,83,B
1,545,483,1156,84,E
1,546,483,1216,85,E
1,547,484,1174,84,E
1,548,484,1215,85,B
1,549,485,1214,85,B
1,550,485,1216,85,B
1,551,485,1217,85,E
1,552,486,1164,84,B
1,553,486,1178,84,B
1,554,486,1192,84,E
1,555,486,1213,85,B
1,556,486,1215,85,B
1,557,487,1156,84,B
1,558,487,1184,84,B
1,559,487,1216,85,E
1,560,488,1168,84,B
1,561,488,1180,84,B
1,562,488,1190,84,B
1,563,488,1213,85,E
1,564,489,1144,83,T
1,565,489,1154,84,E
1,566,490,1150,87,E
1,567,490,1195,84,E
1,568,491,1141,83,T
1,569,491,1150,87,T
1,570,491,1193,84,B
1,571,492,1143,83,T
1,572,493,1180,84,B
1,573,494,1138,83,E
1,574,494,1151,87,T
1,575,494,1166,88,E
1,576,494,1172,84,B
1,577,494,1173,84,E
1,578,494,1181,84,E
1,579,495,1153,87,E
1,580,496,1176,84,E
1,581,496,1177,84,B
1,582,496,1186,84,E
1,583,496,1230,89,E
1,584,497,1208,89,E
1,585,497,1229,89,B
1,586,498,1187,84,B
1,587,499,1177,84,E
1,588,499,1212,89,B
1,589,500,1159,83,E
1,590,500,1190,84,B
1,591,501,1152,90,T
1,592,501,1168,84,E
1,593,501,1169,84,B
1,594,501,1221,89,E
1,595,502,1152,90,E
1,596,502,1177,88,E
1,597,502,1182,84,B
1,598,502,1191,84,B
1,599,503,1146,83,E
1,600,503,1169,84,E
1,601,503,1181,84,E
1,602,503,1183,84,E
1,603,503,1192,84,E
1,604,503,1227,89,B
1,605,504,1145,83,B
1,606,504,1164,88,B
1,607,504,1190,84,E
1,608,504,1210,89,E
1,609,506,1166,88,T
1,610,506,1183,91,E
1,611,507,1173,88,B
1,612,507,1184,91,B
1,613,508,1167,88,T
1,614,509,1162,88,B
1,615,509,1168,88,B
1,616,509,1175,88,E
1,617,509,1186,91,B
1,618,510,1163,88,E
1,619,510,1187,91,E
1,620,510,1198,89,E
1,621,511,1161,88,E
1,622,511,1180,91,E
1,623,511,1182,91,T
1,624,512,1181,91,T
1,625,513,1170,88,E
1,626,513,1182,91,E
1,627,514,1038,93,E
1,628,514,1164,94,E
1,629,515,1191,89,E
1,630,515,1196,89,B
1,631,518,1218,89,E
1,632,519,1160,94,T
1,633,520,1220,89,B
1,634,521,1182,89,E
1,635,522,1190,89,E
1,636,522,1214,89,E
1,637,523,1070,93,E
1,638,523,1160,94,T
1,639,523,1216,89,B
1,640,524,1058,93,E
1,641,524,1069,93,B
1,642,524,1185,89,B
1,643,524,1202,89,B
1,644,524,1216,89,T
1,645,525,1193,89,E
1,646,526,1059,93,B
1,647,526,1070,93,E
1,648,526,1172,98,E
1,649,526,1185,89,B
1,650,526,1194,89,B
1,651,526,1204,89,B
1,652,527,1193,89,E
1,653,528,1029,97,E
1,654,528,1049,93,T
1,655,528,1053,93,T
1,656,528,1170,98,T
1,657,528,1215,89,T
1,658,529,1016,97,T
1,659,529,1020,97,T
1,660,530,1055,93,B
1,661,530,1069,101,E
1,662,530,1156,94,E
1,663,531,1041,99,E
1,664,531,1064,93,E
1,665,532,1049,99,E
1,666,532,1192,89,E
1,667,533,1057,93,B
1,668,534,1010,97,E
1,669,534,1195,89,B
1,670,535,1036,99,E
1,671,535,1042,99,B
1,672,535,1057,93,E
1,673,536,1028,99,E
1,674,536,1037,99,B
1,675,536,1186,89,B
1,676,537,102,102,E
1,677,537,1035,99,E
1,678,537,1039,99,B
1,679,538,148,103,E
1,680,538,1175,89,B
1,681,539,100,102,B
1,682,539,111,102,E
1,683,539,1174,89,E
1,684,539,1192,89,B
1,685,540,1006,104,T
1,686,540,1178,89,B
1,687,541,72,102,E
1,688,541,1002,104,B
1,689,541,1009,104,B
1,690,541,1011,104,E
1,691,542,72,102,B
1,692,542,1009,104,E
1,693,542,1057,101,B
1,694,542,1060,101,T
1,695,542,1064,101,T
1,696,543,70,102,E
1,697,543,101,102,B
1,698,543,115,102,E
1,699,543,998,104,E
1,700,543,1037,99,B
1,701,543,1045,101,E
1,702,543,1179,89,B
1,703,543,1196,89,E
1,704,544,99,102,E
1,705,544,116,102,T
1,706,544,1025,106,E
1,707,544,1033,99,B
1,708,544,1066,101,B
1,709,544,1178,89,B
1,710,544,1180,89,B
1,711,544,1181,89,E
1,712,545,76,102,B
1,713,545,1177,89,E
1,714,545,1179,89,B
1,715,546,110,102,B
1,716,546,1155,108,E
1,717,546,1179,89,E
1,718,547,112,102,B
1,719,547,117,102,T
1,720,547,127,109,E
1,721,547,1018,106,E
1,722,547,1021,106,B
1,723,547,1029,99,E
1,724,547,1032,99,B
1,725,547,1156,108,T
1,726,548,102,102,B
1,727,548,114,102,T
1,728,548,1033,99,E
1,729,548,1042,99,B
1,730,548,1044,99,E
1,731,548,1052,101,B
1,732,548,1058,101,E
1,733,549,75,102,B
1,734,549,107,102,B
1,735,549,161,103,T
1,736,549,1023,106,T
1,737,549,1047,101,E
1,738,549,1053,101,B
1,739,549,1181,110,E
1,740,550,76,102,E
1,741,550,114,102,E
1,742,550,165,103,B
1,743,550,1055,101,E
1,744,550,1063,101,B
1,745,551,74,102,E
1,746,551,1023,106,T
1,747,551,1053,101,E
1,748,552,88,107,B
1,749,552,98,102,B
1,750,552,1173,110,T
1,751,553,97,102,E
1,752,553,99,102,E
1,753,553,125,109,B
1,754,553,151,109,E
1,755,553,178,103,E
1,756,553,1169,110,B
1,757,554,147,109,E
1,758,554,1064,101,E
1,759,555,91,107,E
1,760,555,106,102,B
1,761,555,151,109,B
1,762,555,176,103,B
1,763,555,1010,111,E
1,764,555,1047,99,T
1,765,555,1051,99,T
1,766,556,150,109,B
1,767,556,999,113,E
1,768,556,1000,113,T
1,769,556,1004,113,T
1,770,556,1011,111,B
1,771,556,1012,111,B
1,772,556,1161,110,E
1,773,556,1163,110,B
1,774,557,1007,113,E
1,775,557,1028,106,E
1,776,557,1076,99,E
1,777,557,1163,110,E
1,778,558,150,109,B
1,779,558,1010,111,E
1,780,558,1070,99,E
1,781,559,123,109,B
1,782,559,1029,114,E
1,783,559,1069,99,B
1,784,560,97,102,E
1,785,560,121,109,E
1,786,560,124,109,E
1,787,560,128,115,E
1,788,560,176,103,E
1,789,560,1023,114,E
1,790,561,99,102,B
1,791,561,1021,114,E
1,792,562,113,102,E
1,793,562,115,102,B
1,794,562,130,115,T
1,795,562,133,115,E
1,796,562,176,109,E
1,797,562,1022,114,B
1,798,562,1065,99,B
1,799,562,1073,99,B
1,800,563,132,115,T
1,801,563,176,109,B
1,802,563,1072,99,E
1,803,564,172,109,B
1,804,564,1031,114,B
1,805,565,141,117,E
1,806,565,173,109,B
1,807,565,1013,114,E
1,808,566,89,102,E
1,809,566,98,102,B
1,810,566,124,102,E
1,811,566,130,115,T
1,812,566,140,117,T
1,813,566,1067,99,B
1,814,566,1068,99,E
1,815,567,1025,114,E
1,816,567,1028,114,E
1,817,567,1054,114,B
1,818,567,1066,99,E
1,819,568,91,102,B
1,820,568,163,109,B
1,821,568,166,109,B
1,822,568,1024,114,B
1,823,568,1034,114,E
1,824,569,129,115,E
1,825,569,1069,114,E
1,826,570,1022,114,B
1,827,570,1036,114,B
1,828,570,1040,114,T
1,829,570,1044,114,T
1,830,571,85,102,E
1,831,571,123,102,B
1,832,571,168,109,E
1,833,572,86,102,B
1,834,572,89,102,B
1,835,572,182,109,B
1,836,572,1070,114,B
1,837,573,85,102,E
1,838,573,120,102,E
1,839,573,125,102,B
1,840,573,127,102,E
1,841,573,180,109,B
1,842,573,188,109,E
1,843,573,1072,114,E
1,844,574,135,102,E
1,845,574,172,109,E
1,846,574,174,109,E
1,847,575,108,102,B
1,848,575,173,109,B
1,849,575,186,109,B
1,850,575,195,118,E
1,851,576,109,102,E
1,852,576,195,118,B
1,853,576,1055,119,E
1,854,577,145,109,E
1,855,577,194,118,T
1,856,577,196,118,T
1,857,577,197,118,E
1,858,578,116,102,B
1,859,578,142,121,E
1,860,578,172,109,B
1,861,578,195,118,T
1,862,579,115,102,E
1,863,579,160,109,B
1,864,579,187,109,E
1,865,579,1077,119,E
1,866,580,121,102,B
1,867,580,159,109,B
1,868,581,120,102,B
1,869,581,159,109,B
1,870,581,165,109,B
1,871,581,194,118,T
1,872,581,1055,119,B
1,873,582,105,102,B
1,874,582,112,102,E
1,875,582,127,102,B
1,876,582,149,109,E
1,877,582,1062,119,T
1,878,583,111,102,B
1,879,583,119,102,E
1,880,583,176,109,B
1,881,583,178,109,B
1,882,583,1067,119,B
1,883,584,160,109,E
1,884,584,167,109,E
1,885,584,197,118,E
1,886,584,1051,119,E
1,887,584,1066,119,B
1,888,585,117,102,E
1,889,585,129,102,E
1,890,585,135,121,E
1,891,585,139,121,T
1,892,585,152,109,B
1,893,586,136,121,T
1,894,586,1066,119,E
1,895,587,115,102,B
1,896,587,137,121,T
1,897,587,159,122,E
1,898,587,198,109,E
1,899,588,146,109,E
1,900,588,197,109,B
1,901,589,156,122,E
1,902,589,158,122,B
1,903,589,187,109,E
1,904,589,199,109,E
1,905,590,143,109,E
1,906,590,145,109,B
1,907,591,107,102,E
1,908,591,169,109,E
1,909,591,171,109,B
1,910,592,117,102,E
1,911,592,159,122,T
1,912,592,164,122,E
1,913,593,148,109,B
1,914,594,161,122,T
1,915,595,135,121,E
1,916,595,147,109,T
1,917,595,158,122,T
1,918,596,179,109,B
1,919,596,189,109,B
1,920,597,152,122,E
1,921,599,146,109,B
1,922,599,148,109,T
1,923,600,182,109,B
1,924,601,141,109,E
1,925,601,144,109,B
1,926,601,181,109,E
1,927,601,183,109,E
1,928,602,188,109,B
1,929,605,153,109,B
1,930,607,151,109,E
1,931,607,163,109,B
1,932,607,183,109,B
1,933,608,192,109,B
1,934,609,158,109,B
1,935,611,148,109,B
1,936,612,156,109,B
1,937,612,171,109,B
1,938,615,158,109,B
1,939,615,178,109,B
1,940,618,146,109,E
1,941,623,186,109,B
1,942,625,180,109,E
1,943,625,182,109,E
1,944,625,205,109,B
1,945,626,178,109,B
1,946,630,189,109,B
1,947,630,200,109,B
1,948,632,144,109,E
1,949,632,182,109,B
1,950,633,181,109,E
1,951,633,191,109,B
1,952,637,201,109,B
1,953,638,191,109,B
1,954,638,202,109,E
1,955,638,219,109,E
1,956,638,225,128,E
1,957,639,190,109,E
1,958,641,182,127,B
1,959,641,220,128,E
1,960,642,183,127,E
1,961,642,224,128,B
1,962,643,193,109,B
1,963,646,225,128,T
1,964,647,228,128,E
1,965,649,186,109,E
1,966,649,227,128,T
1,967,650,227,128,B
1,968,651,226,128,B
1,969,652,231,128,E
1,970,657,225,128,B
1,971,658,224,128,E
1,972,658,227,128,E
1,973,733,867,129,E
1,974,736,863,129,T
1,975,738,828,130,E
1,976,739,827,130,T
1,977,740,823,130,E
1,978,740,824,130,T
1,979,740,863,129,T
1,980,742,827,130,B
1,981,744,827,130,E
1,982,745,833,131,E
1,983,745,863,129,E
1,984,746,835,131,E
1,985,747,834,131,B
1,986,747,860,132,E
1,987,748,834,131,B
1,988,748,859,132,T
1,989,748,891,131,E
1,990,749,856,132,T
1,991,750,838,131,E
1,992,750,855,132,E
1,993,751,840,131,E
1,994,752,841,131,B
1,995,752,868,131,E
1,996,752,895,133,E
1,997,754,835,131,E
1,998,755,837,131,B
1,999,755,844,131,T
1,1000,755,850,131,E
1,1001,755,865,131,B
1,1002,755,877,131,B
1,1003,756,886,133,E
1,1004,757,847,131,B
1,1005,757,849,131,B
1,1006,757,863,131,B
1,1007,758,823,131,B
1,1008,758,872,131,B
1,1009,758,888,133,B
1,1010,759,844,131,T
1,1011,759,854,131,B
1,1012,759,880,131,E
1,1013,761,840,131,B
1,1014,761,856,131,E
1,1015,761,873,131,E
1,1016,763,833,131,E
1,1017,764,833,131,B
1,1018,765,826,131,B
1,1019,765,868,133,E
1,1020,766,837,131,B
1,1021,766,859,135,E
1,1022,766,890,133,B
1,1023,767,808,137,E
1,1024,767,863,131,E
1,1025,768,838,131,E
1,1026,768,842,135,E
1,1027,768,857,135,B
1,1028,769,809,137,T
1,1029,769,821,131,B
1,1030,769,893,133,B
1,1031,770,811,137,B
1,1032,770,814,137,E
1,1033,770,866,135,E
1,1034,770,894,133,E
1,1035,771,892,133,E
1,1036,772,822,131,E
1,1037,772,834,138,E
1,1038,772,836,138,E
1,1039,772,864,135,B
1,1040,773,809,137,T
1,1041,773,835,138,B
1,1042,773,862,135,E
1,1043,774,835,138,B
1,1044,774,852,138,E
1,1045,774,857,135,T
1,1046,774,878,133,T
1,1047,774,880,133,T
1,1048,776,828,138,T
1,1049,776,832,138,T
1,1050,777,856,135,T
1,1051,777,859,135,T
1,1052,777,879,133,T
1,1053,778,812,137,E
1,1054,779,861,135,B
1,1055,781,872,133,E
1,1056,781,876,133,B
1,1057,782,844,135,E
1,1058,782,874,133,B
1,1059,783,862,135,E
1,1060,783,884,133,E
1,1061,784,816,138,E
1,1062,784,820,138,B
1,1063,784,849,135,B
1,1064,784,874,133,E
1,1065,784,883,133,B
1,1066,785,817,138,B
1,1067,786,816,138,E
1,1068,787,823,138,B
1,1069,788,826,138,E
1,1070,788,837,140,E
1,1071,788,874,139,E
1,1072,789,823,138,E
1,1073,789,837,140,T
1,1074,789,839,140,E
1,1075,789,873,139,B
1,1076,789,899,133,E
1,1077,790,838,140,B
1,1078,790,874,139,E
1,1079,793,842,139,E
1,1080,794,851,135,E
1,1081,795,866,139,B
1,1082,796,872,139,E
1,1083,799,861,139,T
1,1084,800,873,142,E
1,1085,802,848,139,B
1,1086,802,859,139,T
1,1087,802,865,143,E
1,1088,802,868,143,E
1,1089,803,866,143,T
1,1090,803,867,143,B
1,1091,804,857,139,B
1,1092,805,844,139,E
1,1093,806,877,142,B
1,1094,807,865,143,T
1,1095,809,864,143,E
1,1096,810,876,142,T
1,1097,812,856,139,E
1,1098,813,872,142,E
1,1099,882,271,144,E
1,1100,883,270,144,B
1,1101,887,266,144,B
1,1102,887,268,144,T
1,1103,888,265,144,E
1,1104,888,267,144,B
1,1105,888,269,144,E
1,1106,889,267,144,E
1,1107,889,278,145,E
1,1108,897,279,145,E
1,1109,899,277,145,B
1,1110,900,277,145,B
1,1111,901,276,145,E
1,1112,902,283,145,E
1,1113,903,282,145,B
1,1114,903,294,145,E
1,1115,904,294,145,B
1,1116,904,304,145,E
1,1117,904,311,145,E
1,1118,904,314,145,E
1,1119,905,306,145,E
1,1120,905,313,145,B
1,1121,906,272,146,E
1,1122,906,305,145,B
1,1123,907,289,145,B
1,1124,908,325,145,E
1,1125,909,303,145,B
1,1126,909,317,145,B
1,1127,910,291,145,B
1,1128,911,276,146,T
1,1129,911,295,145,E
1,1130,912,294,145,B
1,1131,913,280,146,B
1,1132,913,288,145,E
1,1133,913,304,145,B
1,1134,914,307,145,T
1,1135,915,311,145,T
1,1136,916,253,147,E
1,1137,916,311,145,B
1,1138,917,310,145,B
1,1139,918,283,146,E
1,1140,920,258,147,T
1,1141,920,270,147,E
1,1142,920,292,148,B
1,1143,921,268,147,B
1,1144,922,262,147,B
1,1145,922,269,147,E
1,1146,922,315,145,B
1,1147,923,263,147,B
1,1148,923,290,148,T
1,1149,924,300,148,E
1,1150,924,313,145,E
1,1151,925,263,147,E
1,1152,925,284,148,E
1,1153,927,269,149,E
1,1154,927,287,148,B
1,1155,927,312,145,E
1,1156,928,287,148,B
1,1157,928,293,148,E
1,1158,928,318,145,B
1,1159,929,331,145,E
1,1160,930,285,148,E
1,1161,930,313,145,B
1,1162,931,245,150,E
1,1163,931,296,145,E
1,1164,932,275,149,B
1,1165,932,309,145,E
1,1166,932,311,145,B
1,1167,933,253,150,T
1,1168,933,256,150,T
1,1169,933,328,145,B
1,1170,934,252,150,T
1,1171,934,263,150,E
1,1172,934,295,149,E
1,1173,934,324,145,B
1,1174,934,332,145,E
1,1175,935,267,149,E
1,1176,935,313,145,E
1,1177,935,331,145,B
1,1178,936,251,150,E
1,1179,936,261,150,B
1,1180,936,268,149,B
1,1181,936,287,149,E
1,1182,936,332,145,E
1,1183,937,268,149,B
1,1184,937,282,149,B
1,1185,938,226,151,E
1,1186,938,248,152,E
1,1187,938,263,150,E
1,1188,938,267,149,E
1,1189,938,269,149,E
1,1190,938,304,145,E
1,1191,938,323,145,B
1,1192,940,228,151,B
1,1193,940,231,151,T
1,1194,940,249,152,B
1,1195,940,317,145,B
1,1196,941,248,152,E
1,1197,941,252,152,B
1,1198,941,325,145,E
1,1199,942,234,151,T
1,1200,942,286,149,T
1,1201,942,310,154,E
1,1202,942,339,153,E
1,1203,943,301,149,B
1,1204,943,302,149,E
1,1205,943,337,153,B
1,1206,944,254,152,T
1,1207,944,289,149,T
1,1208,944,338,153,E
1,1209,945,238,151,B
1,1210,945,262,152,E
1,1211,945,326,156,E
1,1212,945,328,153,E
1,1213,945,330,153,B
1,1214,946,256,152,B
1,1215,946,288,149,B
1,1216,946,298,149,B
1,1217,946,310,154,T
1,1218,946,325,156,B
1,1219,946,342,153,E
1,1220,947,219,151,B
1,1221,947,253,152,E
1,1222,947,332,153,T
1,1223,947,353,157,E
1,1224,948,220,151,E
1,1225,948,334,153,T
1,1226,948,341,153,B
1,1227,948,352,157,T
1,1228,949,218,151,E
1,1229,949,300,149,E
1,1230,949,308,154,T
1,1231,949,315,145,E
1,1232,949,322,156,T
1,1233,949,352,157,B
1,1234,949,354,157,E
1,1235,950,246,151,E
1,1236,950,343,153,E
1,1237,951,320,156,E
1,1238,952,243,151,E
1,1239,952,304,154,E
1,1240,953,238,151,B
1,1241,955,236,151,E
1,1242,955,300,149,E
1,1243,955,308,160,E
1,1244,956,307,160,B
1,1245,957,242,161,E
1,1246,957,308,160,E
1,1247,958,304,160,T
1,1248,959,261,165,E
1,1249,959,289,163,E
1,1250,960,254,165,E
1,1251,960,301,160,E
1,1252,960,302,160,T
1,1253,961,236,161,T
1,1254,961,240,161,T
1,1255,961,249,162,E
1,1256,961,305,160,T
1,1257,962,261,165,T
1,1258,963,231,161,E
1,1259,963,257,165,T
1,1260,965,260,165,B
1,1261,966,243,162,B
1,1262,966,261,165,E
1,1263,967,242,162,T
1,1264,967,310,160,E
1,1265,968,226,166,B
1,1266,968,245,162,E
1,1267,968,281,163,B
1,1268,969,219,168,E
1,1269,969,235,162,E
1,1270,969,240,162,T
1,1271,969,283,163,E
1,1272,969,288,163,E
1,1273,969,317,167,E
1,1274,970,218,168,T
1,1275,970,226,166,E
1,1276,970,316,167,B
1,1277,971,235,162,B
1,1278,971,238,162,B
1,1279,971,254,169,E
1,1280,971,275,163,E
1,1281,972,233,162,E
1,1282,972,255,169,B
1,1283,972,261,169,T
1,1284,972,265,169,T
1,1285,972,277,163,B
1,1286,972,302,163,E
1,1287,973,240,162,B
1,1288,973,241,162,E
1,1289,973,253,169,E
1,1290,973,293,163,B
1,1291,973,301,163,B
1,1292,974,284,163,E
1,1293,974,315,167,T
1,1294,975,227,170,E
1,1295,975,240,162,E
1,1296,975,273,169,E
1,1297,975,285,163,T
1,1298,975,315,167,E
1,1299,976,226,170,T
1,1300,976,269,169,B
1,1301,976,288,163,T
1,1302,976,292,163,B
1,1303,977,285,163,T
1,1304,978,265,169,E
1,1305,979,244,173,E
1,1306,979,251,174,E
1,1307,979,253,174,E
1,1308,979,283,163,B
1,1309,980,224,170,T
1,1310,980,252,174,B
1,1311,980,283,163,B
1,1312,980,307,163,E
1,1313,981,223,170,E
1,1314,981,243,173,E
1,1315,981,245,173,B
1,1316,981,258,174,E
1,1317,981,282,163,E
1,1318,981,284,163,E
1,1319,981,306,163,B
1,1320,982,252,174,B
1,1321,982,257,174,T
1,1322,982,275,173,E
1,1323,983,251,174,E
1,1324,983,254,174,T
1,1325,983,267,175,T
1,1326,983,281,163,E
1,1327,983,315,178,E
1,1328,984,212,176,E
1,1329,984,256,174,T
1,1330,984,269,175,E
1,1331,984,271,173,E
1,1332,984,273,173,B
1,1333,984,316,178,B
1,1334,984,318,178,E
1,1335,985,213,176,B
1,1336,985,227,176,E
1,1337,985,316,178,T
1,1338,986,220,176,T
1,1339,986,258,174,E
1,1340,987,212,176,E
1,1341,987,217,176,T
1,1342,987,235,179,T
1,1343,988,218,176,T
1,1344,988,236,179,E
1,1345,988,309,163,E
1,1346,989,316,178,T
1,1347,990,284,163,B
1,1348,990,316,178,E
1,1349,991,252,173,B
1,1350,991,269,173,E
1,1351,993,250,173,B
1,1352,993,261,173,T
1,1353,993,265,173,B
1,1354,993,282,163,B
1,1355,993,310,180,E
1,1356,994,289,181,E
1,1357,994,311,180,B
1,1358,995,215,176,E
1,1359,995,248,173,E
1,1360,995,265,173,B
1,1361,995,274,173,B
1,1362,995,280,163,E
1,1363,995,284,163,E
1,1364,995,309,180,E
1,1365,995,312,180,B
1,1366,996,264,173,T
1,1367,996,287,181,E
1,1368,996,289,181,B
1,1369,997,278,173,E
1,1370,997,295,181,T
1,1371,997,299,181,T
1,1372,997,307,181,E
1,1373,997,317,180,T
1,1374,997,322,180,E
1,1375,998,269,173,B
1,1376,998,305,181,B
1,1377,998,312,180,B
1,1378,998,320,180,B
1,1379,999,306,181,E
1,1380,999,311,180,E
1,1381,999,321,180,E
1,1382,1001,249,183,T
1,1383,1002,250,183,E
1,1384,1003,264,173,E
1,1385,1003,297,184,E
1,1386,1004,298,184,B
1,1387,1005,295,184,T
1,1388,1006,257,185,E
1,1389,1006,301,184,E
1,1390,1007,238,185,E
1,1391,1007,245,185,T
1,1392,1007,249,185,T
1,1393,1007,293,184,T
1,1394,1008,251,185,B
1,1395,1009,250,185,E
1,1396,1011,292,184,E
1,1397,1012,303,186,T
1,1398,1013,302,186,E
1,1399,1021,290,187,T
1,1400,1022,288,187,E
1,1401,1022,290,187,B
1,1402,1022,301,188,T
1,1403,1023,291,187,E
1,1404,1023,301,188,E
2,1,207,1004,1,E
2,2,208,1005,1,B
2,3,208,1017,1,E
2,4,209,1003,1,E
2,5,209,1004,1,B
2,6,209,1011,1,B
2,7,209,1015,1,B
2,8,210,1011,1,T
2,9,210,1016,1,E
2,10,211,1004,1,E
2,11,211,1051,2,E
2,12,214,1011,1,T
2,13,216,1003,1,E
2,14,218,1028,2,E
2,15,222,1020,3,E
2,16,222,1059,2,B
2,17,223,997,3,E
2,18,223,1058,2,B
2,19,223,1060,2,B
2,20,224,1014,3,B
2,21,224,1056,2,E
2,22,224,1059,2,B
2,23,226,1023,2,E
2,24,226,1049,4,T
2,25,227,1002,3,E
2,26,227,1048,4,E
2,27,227,1069,2,E
2,28,228,999,3,B
2,29,228,1007,3,B
2,30,228,1013,3,E
2,31,228,1026,2,B
2,32,229,1060,2,B
2,33,230,1018,2,E
2,34,231,1026,2,B
2,35,231,1030,2,E
2,36,232,1004,3,T
2,37,232,1020,2,B
2,38,232,1053,2,B
2,39,233,1013,2,E
2,40,233,1028,2,B
2,41,233,1053,2,T
2,42,234,1034,2,E
2,43,234,1048,2,B
2,44,235,1035,2,B
2,45,236,1027,2,B
2,46,237,1016,6,E
2,47,237,1041,2,B
2,48,238,1013,6,E
2,49,239,1015,6,B
2,50,239,1042,2,B
2,51,239,1068,2,E
2,52,240,1002,6,E
2,53,240,1049,2,B
2,54,240,1067,2,B
2,55,241,1003,6,B
2,56,242,1047,2,B
2,57,243,1002,6,E
2,58,243,1037,2,E
2,59,243,1056,2,E
2,60,244,1038,2,B
2,61,244,1058,2,B
2,62,245,1037,2,E
2,63,245,1039,2,E
2,64,245,1058,2,B
2,65,246,995,6,E
2,66,247,1010,6,B
2,67,247,1034,2,E
2,68,248,1048,2,E
2,69,250,1007,6,T
2,70,250,1051,2,E
2,71,251,1017,7,E
2,72,251,1042,8,T
2,73,252,1025,7,E
2,74,252,1039,8,T
2,75,252,1043,8,E
2,76,253,1023,7,T
2,77,253,1024,7,T
2,78,253,1051,2,B
2,79,254,1037,8,E
2,80,255,1006,6,B
2,81,255,1016,7,E
2,82,256,1022,7,T
2,83,257,1018,7,B
2,84,257,1029,9,T
2,85,258,1033,9,T
2,86,259,1016,7,E
2,87,260,1026,9,E
2,88,262,1035,9,E
2,89,266,1143,10,E
2,90,267,1144,10,T
2,91,267,1150,10,E
2,92,268,1148,10,T
2,93,268,1149,10,B
2,94,269,1041,2,E
2,95,269,1150,10,E
2,96,271,1181,11,E
2,97,272,1137,13,E
2,98,272,1156,14,T
2,99,272,1160,14,T
2,100,272,1174,11,B
2,101,273,1116,15,E
2,102,273,1123,12,T
2,103,273,1155,14,E
2,104,273,1169,11,E
2,105,274,1122,12,E
2,106,274,1124,12,T
2,107,274,1162,14,E
2,108,275,1124,12,E
2,109,275,1129,16,E
2,110,275,1143,13,T
2,111,275,1147,13,T
2,112,276,1115,15,B
2,113,276,1165,11,E
2,114,277,1133,16,E
2,115,277,1162,11,E
2,116,278,1164,11,B
2,117,278,1174,11,B
2,118,278,1176,11,E
2,119,278,1181,11,E
2,120,279,1114,15,B
2,121,279,1173,11,B
2,122,280,1196,11,E
2,123,281,1116,15,E
2,124,281,1154,11,E
2,125,281,1165,11,B
2,126,282,1148,13,E
2,127,282,1195,11,B
2,128,283,1124,16,B
2,129,283,1140,16,B
2,130,283,1176,11,T
2,131,283,1196,11,E
2,132,284,1184,11,B
2,133,285,1176,11,T
2,134,286,1119,16,E
2,135,286,1131,16,T
2,136,286,1143,16,E
2,137,286,1192,11,B
2,138,287,1135,16,T
2,139,287,1191,11,B
2,140,287,1193,11,B
2,141,287,1194,11,E
2,142,288,1134,16,B
2,143,288,1152,18,E
2,144,288,1179,11,B
2,145,288,1192,11,B
2,146,289,1161,18,E
2,147,289,1193,11,E
2,148,290,1133,16,E
2,149,290,1155,18,B
2,150,290,1171,17,T
2,151,291,1172,17,E
2,152,292,1160,19,E
2,153,292,1181,11,E
2,154,293,1162,19,T
2,155,297,1156,18,T
2,156,300,1157,18,T
2,157,305,1167,18,E
2,158,308,1161,18,B
2,159,310,1161,18,E
2,160,319,183,20,E
2,161,320,184,20,T
2,162,320,188,20,E
2,163,321,187,20,T
2,164,326,188,21,E
2,165,328,187,21,T
2,166,329,185,21,B
2,167,330,182,21,E
2,168,331,191,21,E
2,169,332,187,21,T
2,170,333,175,22,E
2,171,333,189,21,B
2,172,333,770,23,E
2,173,335,177,22,T
2,174,335,182,22,E
2,175,335,789,24,E
2,176,336,180,22,T
2,177,336,187,21,E
2,178,338,779,24,E
2,179,338,782,24,E
2,180,339,780,24,B
2,181,341,185,26,E
2,182,341,789,24,T
2,183,342,168,25,T
2,184,342,170,25,T
2,185,343,194,26,E
2,186,343,787,24,T
2,187,344,782,24,B
2,188,344,790,24,T
2,189,345,189,26,B
2,190,346,172,25,E
2,191,346,181,26,E
2,192,347,188,26,B
2,193,348,168,25,E
2,194,348,182,26,B
2,195,349,181,26,B
2,196,349,183,26,B
2,197,349,782,24,E
2,198,350,182,26,B
2,199,350,784,24,E
2,200,350,800,28,E
2,201,351,172,26,E
2,202,351,799,28,T
2,203,352,171,26,B
2,204,352,183,26,B
2,205,352,788,24,B
2,206,352,799,28,T
2,207,353,186,26,E
2,208,353,796,28,T
2,209,353,800,28,E
2,210,354,176,26,B
2,211,354,783,23,E
2,212,354,788,24,E
2,213,355,192,26,E
2,214,355,781,23,B
2,215,356,773,23,E
2,216,356,788,29,E
2,217,357,200,30,E
2,218,357,794,28,E
2,219,358,773,23,B
2,220,359,196,30,E
2,221,359,199,30,B
2,222,359,201,30,E
2,223,359,772,23,E
2,224,359,778,23,B
2,225,360,197,30,B
2,226,360,198,30,B
2,227,360,788,29,B
2,228,361,165,26,B
2,229,361,169,26,E
2,230,361,171,26,E
2,231,361,187,30,E
2,232,361,191,30,T
2,233,361,195,30,T
2,234,362,188,30,B
2,235,362,786,29,E
2,236,362,793,29,T
2,237,363,156,26,E
2,238,363,167,26,B
2,239,363,187,30,E
2,240,363,189,30,B
2,241,363,203,31,E
2,242,363,779,23,B
2,243,363,796,29,T
2,244,365,159,26,B
2,245,365,175,26,E
2,246,365,771,23,E
2,247,367,197,30,B
2,248,367,204,31,B
2,249,367,783,23,T
2,250,368,175,26,B
2,251,368,181,26,T
2,252,368,195,30,E
2,253,368,786,23,T
2,254,369,159,26,E
2,255,369,169,26,E
2,256,369,177,26,B
2,257,369,180,26,T
2,258,369,198,30,E
2,259,369,202,31,E
2,260,369,206,31,B
2,261,370,182,26,T
2,262,370,189,30,B
2,263,370,207,31,E
2,264,371,153,33,E
2,265,371,166,26,B
2,266,371,171,26,B
2,267,371,176,26,E
2,268,371,188,30,E
2,269,371,190,30,E
2,270,371,195,34,E
2,271,372,152,33,T
2,272,372,165,26,E
2,273,372,167,26,E
2,274,372,795,29,E
2,275,372,797,29,B
2,276,373,203,31,B
2,277,373,798,29,E
2,278,375,176,26,E
2,279,375,182,26,B
2,280,375,185,26,E
2,281,375,785,23,E
2,282,376,205,31,B
2,283,377,166,26,E
2,284,377,178,26,B
2,285,377,792,23,B
2,286,378,193,34,B
2,287,378,202,31,B
2,288,378,207,31,E
2,289,378,778,23,E
2,290,378,780,23,E
2,291,378,787,23,B
2,292,378,793,23,E
2,293,379,779,23,B
2,294,380,173,26,E
2,295,380,194,34,T
2,296,381,195,34,E
2,297,381,209,31,E
2,298,381,772,36,T
2,299,381,774,36,E
2,300,382,184,38,E
2,301,382,192,34,T
2,302,382,773,36,B
2,303,382,800,37,E
2,304,383,208,31,B
2,305,383,774,36,E
2,306,383,783,23,B
2,307,383,800,37,B
2,308,383,802,37,E
2,309,384,152,26,E
2,310,384,184,38,B
2,311,384,185,38,E
2,312,384,194,34,E
2,313,384,209,31,E
2,314,384,782,23,B
2,315,384,793,37,E
2,316,384,795,37,T
2,317,384,799,37,T
2,318,384,801,37,B
2,319,385,192,34,B
2,320,385,777,23,E
2,321,386,158,26,B
2,322,386,167,26,B
2,323,386,778,23,B
2,324,386,802,37,E
2,325,387,166,26,B
2,326,387,192,34,E
2,327,388,170,26,B
2,328,389,183,38,B
2,329,390,165,26,E
2,330,392,193,38,E
2,331,392,196,38,E
2,332,392,779,23,E
2,333,393,165,26,E
2,334,393,188,38,T
2,335,393,195,38,B
2,336,395,167,26,B
2,337,396,189,38,T
2,338,396,791,23,E
2,339,397,165,26,E
2,340,397,179,38,E
2,341,398,195,38,B
2,342,399,152,26,E
2,343,399,196,38,E
2,344,400,178,40,E
2,345,400,789,23,B
2,346,400,790,23,B
2,347,401,174,41,E
2,348,401,180,40,T
2,349,402,183,40,T
2,350,403,791,23,E
2,351,404,160,41,E
2,352,404,170,41,B
2,353,404,784,23,E
2,354,404,797,42,E
2,355,405,178,41,E
2,356,405,187,40,E
2,357,405,785,23,B
2,358,406,783,23,E
2,359,406,785,23,B
2,360,407,165,41,E
2,361,407,786,23,E
2,362,407,789,42,E
2,363,407,795,42,B
2,364,408,156,41,B
2,365,408,790,42,B
2,366,409,152,41,E
2,367,409,180,41,B
2,368,409,183,41,E
2,369,410,789,42,E
2,370,413,166,41,T
2,371,413,167,41,T
2,372,416,168,41,T
2,373,416,804,42,E
2,374,417,801,42,E
2,375,417,803,42,B
2,376,423,810,42,E
2,377,425,808,42,B
2,378,426,808,42,B
2,379,428,797,42,B
2,380,429,794,42,E
2,381,429,801,42,T
2,382,430,804,42,T
2,383,447,818,42,E
2,384,497,215,45,E
2,385,498,214,45,T
2,386,501,202,46,E
2,387,502,213,45,T
2,388,503,204,46,B
2,389,503,205,46,E
2,390,503,214,45,E
2,391,504,203,46,T
2,392,507,201,46,T
2,393,508,200,46,E
2,394,516,193,48,T
2,395,517,192,48,E
2,396,518,185,49,E
2,397,521,190,49,E
2,398,522,166,51,E
2,399,522,188,49,B
2,400,524,166,51,T
2,401,524,183,52,E
2,402,526,181,52,B
2,403,527,175,52,T
2,404,527,179,52,T
2,405,528,167,51,T
2,406,528,182,52,E
2,407,529,168,51,E
2,408,529,191,49,B
2,409,529,869,53,E
2,410,530,171,52,E
2,411,530,173,52,B
2,412,531,174,52,E
2,413,531,869,53,T
2,414,532,193,49,T
2,415,532,220,54,E
2,416,534,219,54,B
2,417,535,220,54,E
2,418,535,869,53,T
2,419,536,869,53,B
2,420,537,861,56,E
2,421,537,868,53,E
2,422,537,870,53,E
2,423,540,204,49,E
2,424,540,859,56,T
2,425,541,854,56,E
2,426,542,866,58,E
2,427,542,871,58,E
2,428,543,196,57,T
2,429,543,856,56,B
2,430,544,197,57,E
2,431,544,885,59,E
2,432,545,857,56,B
2,433,546,192,60,E
2,434,546,211,54,B
2,435,546,867,58,T
2,436,546,870,58,T
2,437,547,193,60,B
2,438,547,203,54,E
2,439,547,857,56,E
2,440,547,881,59,B
2,441,548,194,60,E
2,442,548,204,54,B
2,443,548,876,59,E
2,444,549,190,60,T
2,445,549,203,54,E
2,446,549,679,61,E
2,447,549,868,58,B
2,448,549,869,58,T
2,449,550,900,59,E
2,450,550,902,59,E
2,451,550,921,63,E
2,452,551,197,62,E
2,453,551,672,61,E
2,454,551,867,58,E
2,455,551,871,64,T
2,456,551,883,59,B
2,457,551,901,59,B
2,458,551,911,59,E
2,459,552,189,60,T
2,460,552,874,64,T
2,461,552,901,59,B
2,462,553,196,62,B
2,463,553,222,54,E
2,464,553,871,64,T
2,465,553,875,64,E
2,466,553,908,59,B
2,467,554,195,62,E
2,468,554,870,64,E
2,469,554,879,59,E
2,470,555,191,60,E
2,471,555,242,66,E
2,472,555,680,61,B
2,473,555,681,61,E
2,474,555,890,59,B
2,475,555,904,59,B
2,476,556,193,62,E
2,477,557,216,54,B
2,478,557,862,65,E
2,479,558,195,62,B
2,480,558,903,59,E
2,481,558,912,59,B
2,482,558,925,63,T
2,483,559,210,54,E
2,484,559,231,66,E
2,485,559,240,66,B
2,486,559,882,67,E
2,487,559,889,59,E
2,488,559,914,59,T
2,489,559,928,63,T
2,490,560,211,54,B
2,491,560,242,66,E
2,492,560,648,61,E
2,493,560,858,68,E
2,494,560,881,67,T
2,495,560,904,69,E
2,496,560,913,59,T
2,497,561,238,66,T
2,498,561,678,61,B
2,499,561,857,68,T
2,500,561,873,65,E
2,501,561,897,69,E
2,502,561,904,69,B
2,503,562,195,62,T
2,504,562,234,66,B
2,505,562,681,61,E
2,506,562,868,65,T
2,507,562,903,69,T
2,508,562,905,69,T
2,509,562,914,59,T
2,510,562,924,63,E
2,511,562,927,63,B
2,512,563,235,66,B
2,513,563,672,61,B
2,514,563,858,68,T
2,515,563,869,65,T
2,516,563,904,69,T
2,517,563,925,63,B
2,518,563,929,63,E
2,519,564,197,62,T
2,520,564,204,62,E
2,521,564,206,54,E
2,522,564,663,61,E
2,523,564,674,61,B
2,524,564,859,68,E
2,525,564,923,63,E
2,526,564,924,63,B
2,527,564,931,72,E
2,528,565,222,54,B
2,529,565,655,61,E
2,530,565,664,61,T
2,531,566,200,62,B
2,532,566,236,66,E
2,533,566,667,61,T
2,534,566,669,61,B
2,535,566,868,65,T
2,536,566,885,70,T
2,537,566,905,69,T
2,538,567,656,61,B
2,539,567,664,61,T
2,540,567,884,70,E
2,541,568,670,61,E
2,542,568,882,74,E
2,543,568,893,71,E
2,544,569,218,54,E
2,545,569,673,61,E
2,546,569,911,69,E
2,547,570,210,54,E
2,548,570,226,54,B
2,549,570,879,74,E
2,550,570,885,74,E
2,551,571,217,54,E
2,552,571,219,54,B
2,553,571,660,61,B
2,554,571,679,75,E
2,555,571,682,76,E
2,556,571,880,74,B
2,557,571,891,71,E
2,558,571,899,71,B
2,559,572,881,74,B
2,560,572,901,71,E
2,561,573,197,62,E
2,562,573,223,54,B
2,563,573,231,54,E
2,564,573,660,61,E
2,565,573,882,74,B
2,566,573,917,59,B
2,567,573,919,59,E
2,568,574,883,74,B
2,569,574,924,63,E
2,570,575,164,77,E
2,571,575,871,65,B
2,572,575,887,74,E
2,573,575,896,71,T
2,574,575,910,71,E
2,575,576,870,65,E
2,576,576,872,65,E
2,577,576,894,71,T
2,578,577,683,76,B
2,579,577,877,74,T
2,580,577,908,71,B
2,581,578,166,77,B
2,582,578,671,75,E
2,583,578,898,71,B
2,584,578,914,71,E
2,585,579,194,78,E
2,586,579,197,78,E
2,587,579,221,54,T
2,588,579,680,76,E
2,589,579,869,74,E
2,590,579,897,71,B
2,591,580,196,78,T
2,592,580,206,80,E
2,593,580,664,75,T
2,594,580,870,74,B
2,595,580,911,71,B
2,596,581,196,78,T
2,597,581,218,54,T
2,598,581,869,74,E
2,599,581,871,74,B
2,600,582,167,77,T
2,601,582,221,54,T
2,602,582,666,75,T
2,603,582,671,75,B
2,604,582,871,74,E
2,605,582,883,81,E
2,606,582,929,72,E
2,607,583,185,83,E
2,608,583,219,54,T
2,609,583,884,81,T
2,610,583,888,81,T
2,611,583,890,81,E
2,612,584,177,79,T
2,613,584,186,83,T
2,614,584,199,78,B
2,615,584,218,54,E
2,616,584,228,54,E
2,617,584,683,76,E
2,618,584,862,82,E
2,619,584,933,72,B
2,620,585,198,78,B
2,621,585,200,78,E
2,622,585,207,80,T
2,623,585,211,80,E
2,624,585,689,76,B
2,625,585,866,82,T
2,626,586,178,79,B
2,627,586,198,78,E
2,628,586,214,54,E
2,629,586,216,54,E
2,630,586,690,76,T
2,631,586,886,81,B
2,632,586,941,72,E
2,633,587,167,77,E
2,634,587,177,79,E
2,635,587,180,79,E
2,636,587,188,83,B
2,637,587,209,80,T
2,638,587,215,54,B
2,639,587,228,54,E
2,640,587,672,75,B
2,641,587,677,75,E
2,642,587,684,76,B
2,643,587,687,76,B
2,644,587,693,76,T
2,645,587,919,59,E
2,646,587,933,72,T
2,647,588,206,80,T
2,648,588,665,75,E
2,649,588,867,82,T
2,650,588,884,81,E
2,651,589,188,83,E
2,652,589,675,75,B
2,653,589,681,76,E
2,654,589,687,76,E
2,655,589,926,59,B
2,656,590,195,86,E
2,657,590,224,54,B
2,658,590,868,82,E
2,659,590,929,59,E
2,660,591,216,54,B
2,661,591,668,75,B
2,662,591,675,75,E
2,663,591,876,87,E
2,664,591,934,72,T
2,665,592,209,54,E
2,666,592,906,85,E
2,667,592,916,59,B
2,668,593,204,80,E
2,669,593,662,91,E
2,670,593,685,92,E
2,671,593,694,76,B
2,672,593,922,59,B
2,673,594,197,86,T
2,674,594,214,54,B
2,675,594,678,90,E
2,676,594,689,76,E
2,677,594,870,87,E
2,678,594,882,85,E
2,679,595,185,89,B
2,680,595,212,54,B
2,681,595,678,90,T
2,682,595,890,85,B
2,683,595,907,85,B
2,684,595,913,59,E
2,685,596,177,89,E
2,686,596,186,89,B
2,687,596,216,54,E
2,688,596,221,54,E
2,689,596,670,75,E
2,690,596,685,92,T
2,691,596,871,87,T
2,692,596,873,87,B
2,693,597,864,87,E
2,694,597,884,85,B
2,695,597,896,85,B
2,696,598,197,86,T
2,697,598,687,92,T
2,698,598,869,87,T
2,699,598,883,85,B
2,700,598,893,85,T
2,701,598,913,85,E
2,702,599,192,89,E
2,703,599,228,54,E
2,704,599,678,90,T
2,705,599,865,87,B
2,706,599,880,85,E
2,707,599,915,93,E
2,708,599,940,72,B
2,709,599,942,72,B
2,710,600,184,89,T
2,711,600,864,87,E
2,712,600,892,85,E
2,713,600,899,85,B
2,714,600,924,59,E
2,715,601,200,86,B
2,716,601,201,86,E
2,717,601,244,95,E
2,718,601,679,90,B
2,719,601,689,92,E
2,720,601,938,72,E
2,721,602,149,94,E
2,722,602,677,90,E
2,723,602,680,90,E
2,724,602,911,93,E
2,725,603,156,94,B
2,726,603,199,86,E
2,727,603,243,95,T
2,728,603,675,91,E
2,729,603,895,85,E
2,730,604,191,96,E
2,731,604,643,97,E
2,732,604,649,91,E
2,733,604,696,76,E
2,734,604,897,85,B
2,735,604,944,72,E
2,736,605,162,94,B
2,737,605,189,96,E
2,738,605,191,96,T
2,739,605,670,91,B
2,740,605,671,91,E
2,741,605,681,91,E
2,742,606,190,96,B
2,743,606,192,96,T
2,744,606,645,97,T
2,745,606,681,91,B
2,746,606,693,91,E
2,747,606,901,93,E
2,748,606,909,93,B
2,749,607,177,89,E
2,750,607,191,96,T
2,751,607,213,54,B
2,752,607,669,91,T
2,753,607,674,91,B
2,754,607,870,99,E
2,755,607,883,85,E
2,756,607,888,93,E
2,757,607,897,85,E
2,758,607,908,93,B
2,759,608,165,94,B
2,760,608,178,89,B
2,761,608,180,89,B
2,762,608,194,96,T
2,763,608,230,98,E
2,764,608,658,91,B
2,765,608,698,100,E
2,766,608,871,99,T
2,767,609,177,89,E
2,768,609,181,89,E
2,769,609,195,96,T
2,770,609,197,96,E
2,771,609,224,98,E
2,772,609,225,98,T
2,773,609,667,91,T
2,774,609,671,91,T
2,775,609,875,99,E
2,776,609,890,93,B
2,777,609,913,93,B
2,778,610,228,98,T
2,779,610,645,97,T
2,780,610,697,100,T
2,781,610,874,99,T
2,782,610,881,102,E
2,783,610,897,93,E
2,784,611,150,94,E
2,785,611,155,94,B
2,786,611,195,96,E
2,787,611,214,54,E
2,788,611,645,97,E
2,789,611,669,91,T
2,790,611,896,93,B
2,791,612,154,94,B
2,792,612,156,94,E
2,793,612,636,103,E
2,794,612,695,100,T
2,795,612,873,99,B
2,796,613,153,94,B
2,797,613,217,104,E
2,798,613,637,103,T
2,799,613,656,91,B
2,800,613,662,91,E
2,801,613,669,91,B
2,802,613,889,93,E
2,803,613,905,93,T
2,804,614,218,104,T
2,805,614,225,107,E
2,806,614,661,91,B
2,807,614,668,91,E
2,808,614,675,91,E
2,809,614,687,105,E
2,810,614,693,100,E
2,811,614,699,100,B
2,812,614,872,99,E
2,813,614,882,102,B
2,814,615,151,94,E
2,815,615,195,106,T
2,816,615,197,106,E
2,817,615,662,91,E
2,818,615,684,105,T
2,819,615,899,93,B
2,820,615,904,93,B
2,821,616,154,94,E
2,822,616,192,106,T
2,823,616,649,91,E
2,824,616,681,105,T
2,825,616,701,100,E
2,826,616,880,102,E
2,827,616,898,93,E
2,828,616,907,93,T
2,829,617,191,106,E
2,830,617,216,104,T
2,831,617,680,105,E
2,832,617,886,102,T
2,833,618,214,104,E
2,834,618,218,104,T
2,835,618,653,111,E
2,836,618,897,112,E
2,837,619,219,104,E
2,838,619,655,111,E
2,839,620,227,107,T
2,840,620,654,111,B
2,841,620,672,111,E
2,842,620,882,102,E
2,843,620,896,112,T
2,844,621,180,94,E
2,845,621,206,110,T
2,846,621,639,114,E
2,847,621,886,102,T
2,848,622,190,113,E
2,849,622,197,113,E
2,850,622,202,110,E
2,851,622,653,111,B
2,852,622,664,111,B
2,853,623,652,111,E
2,854,624,226,107,T
2,855,625,194,113,B
2,856,625,660,111,B
2,857,626,195,113,T
2,858,626,642,114,T
2,859,626,657,111,B
2,860,627,223,107,E
2,861,627,226,107,B
2,862,628,196,113,T
2,863,628,648,117,E
2,864,629,228,107,E
2,865,629,649,117,T
2,866,629,655,111,E
2,867,629,663,118,E
2,868,630,641,114,B
2,869,631,675,118,E
2,870,632,651,117,T
2,871,632,657,119,E
2,872,633,652,117,E
2,873,633,658,119,T
2,874,634,644,114,E
2,875,634,658,119,T
2,876,634,662,119,T
2,877,634,670,118,T
2,878,635,200,113,E
2,879,635,652,120,E
2,880,635,657,119,E
2,881,635,663,119,E
2,882,635,674,118,T
2,883,635,675,118,B
2,884,636,647,120,E
2,885,637,670,118,B
2,886,639,668,118,E
2,887,640,651,120,B
2,888,641,657,122,E
2,889,642,201,123,E
2,890,642,649,120,T
2,891,642,685,118,E
2,892,643,201,123,T
2,893,643,659,122,T
2,894,644,640,120,E
2,895,644,662,122,T
2,896,645,647,120,B
2,897,646,641,120,B
2,898,647,201,123,T
2,899,647,640,120,E
2,900,647,663,122,E
2,901,648,201,123,E
2,902,652,646,126,E
2,903,653,645,126,B
2,904,654,415,127,E
2,905,654,417,127,E
2,906,654,641,126,E
2,907,655,416,127,B
2,908,655,631,126,E
2,909,656,647,126,B
2,910,657,631,126,B
2,911,657,637,126,E
2,912,658,409,127,E
2,913,658,660,126,E
2,914,659,616,126,E
2,915,659,619,126,E
2,916,659,635,126,T
2,917,660,417,127,B
2,918,660,618,126,B
2,919,660,635,126,B
2,920,661,416,127,B
2,921,661,418,127,B
2,922,661,645,126,B
2,923,662,417,127,B
2,924,662,423,127,E
2,925,662,633,126,B
2,926,663,422,127,B
2,927,663,648,126,E
2,928,664,414,127,T
2,929,665,624,126,E
2,930,665,637,126,E
2,931,666,635,126,E
2,932,666,636,126,B
2,933,667,410,127,B
2,934,667,622,126,B
2,935,668,411,127,E
2,936,668,437,130,E
2,937,669,396,128,E
2,938,669,402,128,E
2,939,669,421,127,E
2,940,669,628,126,B
2,941,670,418,131,E
2,942,671,417,131,B
2,943,671,428,129,T
2,944,672,427,129,E
2,945,673,402,128,B
2,946,674,420,131,T
2,947,674,423,131,E
2,948,674,470,132,E
2,949,674,629,126,B
2,950,675,409,131,E
2,951,675,411,131,B
2,952,675,421,131,T
2,953,675,628,126,E
2,954,676,428,133,E
2,955,676,632,126,B
2,956,677,457,132,E
2,957,677,461,132,E
2,958,678,420,131,T
2,959,679,407,134,E
2,960,679,415,131,E
2,961,679,429,133,T
2,962,682,401,128,T
2,963,682,432,133,B
2,964,682,630,126,E
2,965,683,457,132,B
2,966,684,413,134,E
2,967,684,415,134,E
2,968,684,435,133,E
2,969,684,453,132,E
2,970,684,458,132,B
2,971,685,414,134,B
2,972,685,455,132,B
2,973,686,401,128,T
2,974,686,454,132,E
2,975,688,451,132,E
2,976,688,453,132,E
2,977,689,396,135,E
2,978,689,413,134,T
2,979,689,452,132,B
2,980,689,459,132,B
2,981,689,465,132,B
2,982,690,412,134,B
2,983,690,424,131,E
2,984,690,431,130,E
2,985,690,470,132,T
2,986,691,432,130,B
2,987,691,469,132,T
2,988,691,471,132,B
2,989,692,405,128,B
2,990,692,414,134,T
2,991,692,470,132,T
2,992,693,457,132,B
2,993,693,469,132,E
2,994,694,403,128,E
2,995,694,432,130,B
2,996,695,387,135,T
2,997,695,467,132,E
2,998,696,424,134,E
2,999,696,461,132,B
2,1000,697,383,135,B
2,1001,697,400,137,E
2,1002,697,413,128,E
2,1003,698,396,138,E
2,1004,698,405,137,E
2,1005,698,412,128,B
2,1006,698,460,132,E
2,1007,699,395,138,T
2,1008,699,407,137,E
2,1009,699,439,130,T
2,1010,700,406,137,B
2,1011,700,412,128,E
2,1012,700,420,134,B
2,1013,700,422,134,B
2,1014,700,439,130,T
2,1015,700,451,139,E
2,1016,701,404,137,B
2,1017,701,453,139,B
2,1018,702,404,137,B
2,1019,702,440,130,B
2,1020,703,370,140,T
2,1021,703,374,140,T
2,1022,703,405,137,B
2,1023,703,419,134,B
2,1024,703,426,134,E
2,1025,703,1006,141,E
2,1026,704,366,140,E
2,1027,704,376,140,E
2,1028,704,417,134,E
2,1029,704,420,134,E
2,1030,704,455,139,T
2,1031,704,999,141,E
2,1032,705,388,135,E
2,1033,705,407,137,E
2,1034,705,437,130,B
2,1035,705,444,130,B
2,1036,706,394,137,E
2,1037,706,402,137,T
2,1038,706,1003,141,B
2,1039,708,401,137,B
2,1040,710,421,142,T
2,1041,710,424,142,T
2,1042,710,440,130,E
2,1043,710,441,130,B
2,1044,710,452,130,E
2,1045,710,455,139,E
2,1046,710,1006,141,B
2,1047,711,451,130,B
2,1048,712,397,144,E
2,1049,713,395,144,E
2,1050,713,397,144,B
2,1051,713,399,144,E
2,1052,713,405,137,E
2,1053,713,417,142,E
2,1054,714,396,144,B
2,1055,714,398,144,B
2,1056,714,430,145,E
2,1057,714,450,130,B
2,1058,715,397,144,B
2,1059,715,438,130,E
2,1060,715,1006,141,T
2,1061,716,431,145,T
2,1062,716,442,130,B
2,1063,716,1014,141,E
2,1064,717,408,146,E
2,1065,717,437,145,E
2,1066,717,441,130,E
2,1067,717,444,130,E
2,1068,717,1013,141,B
2,1069,718,424,142,E
2,1070,718,433,145,T
2,1071,718,1007,141,B
2,1072,719,458,130,E
2,1073,719,1014,141,E
2,1074,720,422,146,E
2,1075,720,457,130,B
2,1076,722,440,148,E
2,1077,722,456,130,E
2,1078,722,1020,147,E
2,1079,723,425,149,E
2,1080,723,428,149,E
2,1081,724,413,146,B
2,1082,724,426,149,B
2,1083,724,438,148,T
2,1084,725,1007,141,E
2,1085,726,434,148,B
2,1086,727,415,146,T
2,1087,727,433,148,E
2,1088,728,416,146,T
2,1089,728,424,149,T
2,1090,729,393,144,T
2,1091,729,402,150,E
2,1092,729,433,151,E
2,1093,729,451,130,E
2,1094,730,402,150,T
2,1095,730,415,146,E
2,1096,730,432,151,T
2,1097,731,424,149,T
2,1098,733,393,144,T
2,1099,734,402,150,T
2,1100,734,403,150,T
2,1101,734,424,149,E
2,1102,734,431,151,T
2,1103,734,985,153,E
2,1104,734,988,153,E
2,1105,735,405,150,E
2,1106,735,432,151,E
2,1107,735,986,153,B
2,1108,735,987,153,B
2,1109,736,401,150,E
2,1110,736,984,153,E
2,1111,738,438,152,T
2,1112,738,441,152,T
2,1113,738,1020,147,T
2,1114,739,418,154,T
2,1115,739,419,154,T
2,1116,739,437,152,E
2,1117,739,442,152,E
2,1118,740,417,154,E
2,1119,740,420,154,E
2,1120,741,1018,147,T
2,1121,742,997,153,E
2,1122,742,1017,147,E
2,1123,742,1021,147,B
2,1124,743,989,153,B
2,1125,746,986,153,B
2,1126,746,992,153,B
2,1127,746,993,153,B
2,1128,746,999,153,E
2,1129,747,991,153,E
2,1130,747,1037,155,E
2,1131,748,987,153,T
2,1132,748,993,153,E
2,1133,748,1031,155,T
2,1134,748,1034,155,T
2,1135,749,1000,153,B
2,1136,749,1002,153,E
2,1137,749,1015,147,E
2,1138,749,1036,155,B
2,1139,750,395,144,E
2,1140,751,1017,147,B
2,1141,751,1023,147,B
2,1142,752,987,153,T
2,1143,752,1016,147,E
2,1144,752,1030,155,B
2,1145,753,976,153,E
2,1146,753,997,153,B
2,1147,753,1025,147,E
2,1148,753,1029,155,E
2,1149,754,982,153,E
2,1150,754,989,153,B
2,1151,754,1031,155,E
2,1152,754,1037,155,E
2,1153,755,999,153,E
2,1154,755,1005,156,T
2,1155,756,974,157,E
2,1156,756,988,153,B
2,1157,756,1004,156,E
2,1158,757,1021,158,T
2,1159,758,962,157,E
2,1160,758,990,153,E
2,1161,758,1025,158,T
2,1162,759,974,157,B
2,1163,759,1026,158,B
2,1164,759,1028,158,E
2,1165,760,969,157,T
2,1166,760,972,157,T
2,1167,761,968,157,B
2,1168,761,977,157,B
2,1169,761,981,157,E
2,1170,762,961,157,E
2,1171,762,1008,159,T
2,1172,762,1009,159,T
2,1173,763,955,157,E
2,1174,763,1007,159,E
2,1175,763,1010,159,E
2,1176,763,1016,158,E
2,1177,763,1021,158,E
2,1178,763,1024,158,B
2,1179,765,960,157,B
2,1180,765,1026,158,E
2,1181,768,963,157,B
2,1182,771,965,157,E
2,1183,773,982,157,E
2,1184,852,741,160,E
2,1185,852,761,161,E
2,1186,853,740,160,T
2,1187,854,747,162,E
2,1188,855,747,162,T
2,1189,856,755,161,E
2,1190,857,756,161,B
2,1191,857,767,161,E
2,1192,858,755,161,E
2,1193,858,759,161,B
2,1194,859,742,163,E
2,1195,861,733,163,E
2,1196,861,761,161,B
2,1197,862,741,163,B
2,1198,862,758,161,E
2,1199,862,760,161,T
2,1200,862,762,161,T
2,1201,863,735,163,B
2,1202,863,740,163,T
2,1203,863,742,163,E
2,1204,863,761,161,T
2,1205,863,768,161,B
2,1206,863,771,161,E
2,1207,864,770,161,B
2,1208,865,736,163,B
2,1209,865,738,163,T
2,1210,865,763,161,T
2,1211,865,771,161,E
2,1212,866,735,163,E
2,1213,866,739,163,E
2,1214,866,762,161,T
2,1215,866,764,161,T
2,1216,867,763,161,B
2,1217,869,739,165,E
2,1218,871,762,161,E
2,1219,874,762,167,E
2,1220,875,763,167,B
2,1221,876,762,167,E
2,1222,877,757,168,E
2,1223,878,748,168,E
2,1224,878,753,168,T
2,1225,879,750,168,B
2,1226,880,780,169,E
2,1227,881,737,165,E
2,1228,881,773,167,E
2,1229,881,797,170,E
2,1230,882,752,168,T
2,1231,882,781,169,T
2,1232,883,798,170,T
2,1233,884,739,165,B
2,1234,884,774,167,B
2,1235,884,785,169,B
2,1236,885,738,165,B
2,1237,885,787,169,E
2,1238,886,718,172,E
2,1239,886,755,168,E
2,1240,886,772,167,T
2,1241,887,740,165,E
2,1242,887,769,167,T
2,1243,890,719,172,B
2,1244,890,721,172,E
2,1245,890,761,174,E
2,1246,893,748,175,E
2,1247,893,750,175,B
2,1248,893,753,175,T
2,1249,893,765,174,B
2,1250,893,781,167,B
2,1251,893,783,167,E
2,1252,894,750,175,E
2,1253,894,756,175,T
2,1254,894,771,174,E
2,1255,894,780,167,E
2,1256,895,736,165,T
2,1257,896,720,172,T
2,1258,896,743,165,E
2,1259,896,760,175,E
2,1260,897,777,177,T
2,1261,897,778,177,E
2,1262,899,737,165,B
2,1263,900,723,172,B
2,1264,900,727,172,E
2,1265,900,752,178,T
2,1266,900,791,179,E
2,1267,900,816,180,B
2,1268,901,726,172,B
2,1269,901,815,180,E
2,1270,901,817,180,B
2,1271,902,740,165,B
2,1272,902,741,165,B
2,1273,902,754,178,E
2,1274,903,749,165,E
2,1275,904,729,172,B
2,1276,904,767,174,B
2,1277,904,786,179,B
2,1278,905,729,172,B
2,1279,905,731,172,B
2,1280,905,737,165,E
2,1281,905,762,174,E
2,1282,906,728,172,E
2,1283,906,730,172,B
2,1284,906,732,172,E
2,1285,906,775,174,E
2,1286,907,730,172,E
2,1287,907,748,165,B
2,1288,908,773,174,B
2,1289,908,787,179,T
2,1290,909,750,165,B
2,1291,909,752,165,E
2,1292,910,740,181,T
2,1293,910,742,181,E
2,1294,912,763,174,B
2,1295,912,775,174,B
2,1296,912,788,179,B
2,1297,912,791,179,E
2,1298,913,758,174,B
2,1299,913,764,174,E
2,1300,913,776,174,B
2,1301,913,779,174,E
2,1302,913,801,182,E
2,1303,915,820,180,T
2,1304,916,782,179,E
2,1305,917,774,174,T
2,1306,917,800,184,E
2,1307,917,818,180,T
2,1308,918,749,165,B
2,1309,918,751,165,E
2,1310,918,761,174,E
2,1311,918,765,185,E
2,1312,918,796,184,T
2,1313,918,799,184,B
2,1314,918,822,180,T
2,1315,919,770,174,E
2,1316,919,772,174,B
2,1317,919,790,184,E
2,1318,919,791,184,B
2,1319,919,800,184,E
2,1320,919,804,182,T
2,1321,920,773,174,B
2,1322,920,824,180,E
2,1323,921,772,174,B
2,1324,921,793,184,B
2,1325,922,748,165,B
2,1326,922,764,185,T
2,1327,922,771,174,E
2,1328,922,793,184,B
2,1329,922,804,182,T
2,1330,923,747,165,E
2,1331,923,749,165,E
2,1332,923,761,185,T
2,1333,923,773,174,E
2,1334,923,791,184,E
2,1335,923,794,184,E
2,1336,923,824,180,E
2,1337,925,764,185,T
2,1338,925,810,186,E
2,1339,926,779,187,E
2,1340,926,798,182,E
2,1341,926,801,182,B
2,1342,927,778,187,T
2,1343,927,818,180,B
2,1344,928,752,185,E
2,1345,929,770,185,E
2,1346,929,816,180,E
2,1347,930,767,185,B
2,1348,930,777,187,T
2,1349,930,804,182,E
2,1350,930,810,186,T
2,1351,931,796,174,E
2,1352,931,809,186,B
2,1353,931,811,186,T
2,1354,932,810,186,T
2,1355,933,777,187,E
2,1356,933,794,174,B
2,1357,933,807,186,E
2,1358,933,813,186,T
2,1359,934,767,185,B
2,1360,934,782,190,E
2,1361,934,784,190,E
2,1362,934,799,191,E
2,1363,934,812,186,T
2,1364,935,765,185,E
2,1365,935,768,185,E
2,1366,935,775,192,E
2,1367,935,783,190,B
2,1368,935,807,191,E
2,1369,935,813,186,B
2,1370,936,774,192,T
2,1371,936,800,191,B
2,1372,936,839,193,E
2,1373,937,793,174,B
2,1374,937,799,191,E
2,1375,937,802,191,T
2,1376,937,805,191,T
2,1377,937,832,193,T
2,1378,937,836,193,T
2,1379,938,772,192,T
2,1380,938,783,190,B
2,1381,938,789,174,E
2,1382,939,771,192,E
2,1383,939,785,190,E
2,1384,939,806,191,B
2,1385,939,819,194,E
2,1386,939,820,194,T
2,1387,939,830,193,E
2,1388,940,780,190,T
2,1389,940,803,191,B
2,1390,940,821,194,T
2,1391,941,793,174,E
2,1392,941,802,191,E
2,1393,941,808,191,B
2,1394,941,810,191,E
2,1395,941,814,186,B
2,1396,941,815,186,E
2,1397,941,820,194,E
2,1398,942,813,186,E
2,1399,942,826,196,E
2,1400,943,778,190,B
2,1401,943,808,191,E
2,1402,943,827,196,B
2,1403,944,826,196,E
2,1404,945,837,196,B
2,1405,946,777,190,E
2,1406,947,781,197,E
2,1407,947,792,197,E
2,1408,947,832,196,B
2,1409,949,798,197,E
2,1410,949,834,196,E
2,1411,951,776,197,E
2,1412,951,818,200,T
2,1413,952,792,197,B
2,1414,952,844,196,T
2,1415,952,845,196,B
2,1416,953,818,200,E
2,1417,953,843,196,T
2,1418,955,788,197,B
2,1419,955,827,201,E
2,1420,956,812,202,E
2,1421,956,818,201,E
2,1422,956,833,196,E
2,1423,956,837,196,B
2,1424,957,812,202,T
2,1425,957,834,196,B
2,1426,958,824,201,T
2,1427,958,840,196,B
2,1428,959,787,197,T
2,1429,959,830,196,E
2,1430,960,775,197,E
2,1431,960,822,201,T
2,1432,960,831,196,B
2,1433,961,778,197,B
2,1434,961,795,197,E
2,1435,961,803,203,E
2,1436,961,812,202,T
2,1437,961,842,196,B
2,1438,962,785,197,B
2,1439,962,824,201,T
2,1440,962,841,196,E
2,1441,962,845,196,B
2,1442,963,782,197,B
2,1443,963,787,197,T
2,1444,963,812,202,E
2,1445,964,782,197,E
2,1446,964,824,201,B
2,1447,964,831,196,B
2,1448,964,846,196,E
2,1449,964,865,204,E
2,1450,965,789,197,B
2,1451,965,823,201,E
2,1452,965,825,201,E
2,1453,966,864,204,T
2,1454,967,774,205,T
2,1455,967,828,196,E
2,1456,967,835,196,E
2,1457,968,775,205,E
2,1458,968,788,197,E
2,1459,968,801,203,B
2,1460,968,849,206,E
2,1461,968,851,206,E
2,1462,969,782,207,E
2,1463,969,811,203,E
2,1464,969,826,208,E
2,1465,969,841,206,E
2,1466,969,850,206,B
2,1467,970,781,207,T
2,1468,970,804,203,T
2,1469,970,810,203,B
2,1470,970,825,208,T
2,1471,970,864,204,T
2,1472,971,806,203,B
2,1473,971,864,204,E
2,1474,972,806,203,T
2,1475,972,832,210,E
2,1476,972,851,206,B
2,1477,973,794,203,E
2,1478,973,843,206,B
2,1479,974,795,203,B
2,1480,974,797,203,B
2,1481,974,845,206,T
2,1482,974,849,206,T
2,1483,975,807,203,B
2,1484,975,839,206,E
2,1485,976,822,203,E
2,1486,976,856,206,B
2,1487,976,858,206,E
2,1488,977,794,203,E
2,1489,977,800,203,B
2,1490,977,819,203,B
2,1491,977,831,210,T
2,1492,977,856,206,B
2,1493,978,818,203,B
2,1494,978,820,203,B
2,1495,978,855,206,E
2,1496,978,857,206,E
2,1497,979,817,203,E
2,1498,979,819,203,B
2,1499,979,840,212,E
2,1500,980,811,203,B
2,1501,980,814,203,E
2,1502,980,819,203,E
2,1503,980,840,212,T
2,1504,981,810,203,E
2,1505,981,831,210,T
2,1506,982,807,203,E
2,1507,983,806,203,B
2,1508,984,861,214,E
2,1509,985,807,203,E
2,1510,986,830,210,E
2,1511,987,858,214,T
2,1512,989,856,214,T
2,1513,992,841,217,T
2,1514,993,842,217,E
2,1515,993,856,214,B
2,1516,994,854,214,E
2,1517,994,857,214,E
2,1518,999,849,219,E
2,1519,1000,850,219,T
2,1520,1004,850,219,T
2,1521,1006,848,219,E
