image_number,v1,v2,length,total_intensity
1,1,1,11,5.3333
1,2,3,3,2.4784
1,3,4,3,2.0196
1,5,7,2,0.8235
1,6,9,2,0.9373
1,7,9,2,0.9294
1,7,10,2,0.8118
1,8,10,2,0.6941
1,9,11,2,1.3725
1,10,11,2,1.2549
1,11,15,6,4.4157
1,13,16,3,1.6196
1,15,16,8,5.5647
1,3,18,18,14.1255
1,16,19,3,1.6314
1,17,20,3,1.9098
1,18,21,4,2.9176
1,20,22,8,4.5098
1,12,23,16,13.9725
1,15,24,12,10.3451
1,21,25,5,3.4235
1,20,26,7,3.8824
1,23,26,7,5.1098
1,14,27,20,16.6588
1,24,27,5,3.7608
1,25,28,4,3.3451
1,26,29,4,2.8784
1,29,32,3,2.2000
1,23,33,7,4.8039
1,29,34,6,5.3098
1,30,35,3,1.8588
1,35,36,2,0.9176
1,32,37,4,2.8784
1,35,38,3,1.7647
1,31,39,8,5.4314
1,38,43,4,2.1529
1,41,44,3,2.3804
1,42,44,6,4.9216
1,39,45,4,2.7216
1,40,46,3,1.3569
1,44,47,2,1.1961
1,43,49,5,4.0471
1,42,50,4,2.2157
1,37,51,10,6.2745
1,46,51,11,6.0510
1,48,52,2,1.0000
1,25,54,16,10.0118
1,52,55,2,2.0000
1,55,56,2,1.1373
1,52,57,5,3.9686
1,55,57,4,2.9725
1,46,58,6,2.7255
1,50,60,7,5.4235
1,53,60,4,1.7686
1,58,62,3,2.0314
1,59,63,3,1.9647
1,57,64,3,2.2667
1,60,65,2,0.7255
1,61,66,2,1.0000
1,66,67,5,2.8902
1,67,68,2,1.7490
1,45,69,9,5.3176
1,66,70,3,1.9176
1,72,72,9,4.7529
1,58,73,5,2.6000
1,72,74,2,1.6275
1,75,76,3,2.9647
1,75,77,2,0.9922
1,73,79,4,2.3529
1,59,80,8,3.9020
1,73,80,4,3.2039
1,76,81,2,1.8863
1,83,83,11,9.0314
1,80,86,3,2.1647
1,82,87,2,1.5098
1,82,88,2,1.2157
1,83,89,2,1.1725
1,90,90,10,5.8431
1,84,91,2,1.2667
1,85,91,2,0.8314
1,86,93,5,2.5451
1,90,94,3,2.5255
1,82,95,15,12.2784
1,96,96,9,5.4745
1,96,98,2,1.1686
1,91,99,5,3.7333
1,92,100,5,2.3882
1,97,101,2,1.1765
1,86,102,6,3.9804
1,101,102,2,1.3608
1,95,103,3,1.4941
1,99,104,4,3.6039
1,100,105,2,0.8431
1,104,105,5,2.1647
1,101,106,2,1.4039
1,102,107,2,1.0157
1,95,108,7,5.3333
1,71,111,19,12.5176
1,108,111,4,2.6510
1,109,112,3,2.2588
1,110,113,8,7.8118
1,112,113,5,3.0078
1,99,114,6,5.5843
1,112,115,2,1.9882
1,113,115,4,1.9176
1,78,118,13,8.8627
1,100,120,10,6.5451
1,115,121,5,3.7412
1,117,122,4,1.4784
1,118,126,5,2.6667
1,122,128,4,2.3451
1,123,129,3,0.9882
1,116,131,7,5.5373
1,127,132,4,1.4784
1,127,133,19,14.3529
1,128,136,4,2.0196
1,122,137,4,1.5412
1,128,137,6,3.1098
1,124,139,4,3.3686
1,125,140,4,3.0863
1,132,140,2,0.9647
1,134,141,2,1.0000
1,135,141,2,0.9647
1,141,141,9,5.0627
1,137,142,3,2.4941
1,138,142,2,1.1137
1,139,146,4,2.6392
1,147,148,5,3.1961
1,126,150,6,3.6471
1,143,150,2,1.1686
1,129,151,4,2.2980
1,144,151,2,2.0000
1,129,152,4,2.1333
1,151,152,2,1.8353
1,145,153,2,1.2078
1,146,153,2,1.4980
1,130,154,4,3.5686
1,148,156,3,2.3765
1,149,156,2,0.9725
1,142,157,3,1.6431
1,153,158,2,1.6196
1,131,159,6,3.4863
1,131,160,5,3.0588
1,159,160,2,0.9451
1,155,161,2,1.1804
1,161,161,9,4.8902
1,147,162,3,1.7804
1,151,163,3,1.9765
1,152,163,3,1.8118
1,154,164,3,2.0667
1,159,165,3,1.7686
1,156,166,3,2.0471
1,154,168,4,2.5255
1,164,168,4,2.3882
1,167,171,2,1.4667
1,168,171,3,2.1608
1,169,172,9,7.1608
1,172,173,4,2.5333
1,171,175,2,1.6353
1,174,175,2,1.2510
1,159,176,5,2.8745
1,160,176,5,2.7843
1,150,178,9,5.4039
1,176,179,2,1.1843
1,173,180,9,5.4078
1,119,183,15,10.8627
1,183,184,2,0.7961
1,176,186,3,2.1843
1,181,187,2,1.1373
1,182,187,3,1.8039
1,177,188,3,1.6157
1,175,189,6,2.7647
1,182,190,3,1.7373
1,187,190,2,1.3294
1,140,192,13,9.5725
1,189,194,3,2.0078
1,164,195,19,12.4275
1,170,196,9,7.0784
1,188,197,5,2.7059
1,193,197,2,1.1529
1,189,198,17,14.0588
1,192,200,3,2.1294
1,185,201,7,3.6431
1,188,202,7,4.1608
1,197,202,2,1.8863
1,199,204,2,0.9608
1,192,205,4,3.1529
1,190,206,5,3.3137
1,196,207,8,5.3373
1,203,210,2,1.9216
1,206,211,2,1.8667
1,183,212,8,4.8471
1,208,212,5,2.6392
1,201,213,5,2.3608
1,209,213,5,2.5216
1,210,215,3,2.8039
1,211,216,2,1.8118
1,211,217,2,1.9608
1,212,218,2,0.3020
1,201,219,5,2.3451
1,213,219,2,0.7451
1,202,220,4,2.9608
1,191,221,7,4.5020
1,214,221,8,4.9451
1,216,223,2,1.3216
1,216,224,2,1.5569
1,217,224,2,1.7059
1,217,225,2,1.1725
1,218,226,6,5.0118
1,224,229,2,1.1294
1,221,231,3,2.5255
1,222,232,3,1.9255
1,228,232,2,1.1137
1,204,233,6,3.9373
1,230,234,2,1.8980
1,234,234,9,4.6745
1,196,235,8,7.1961
1,219,236,4,2.3255
1,218,238,5,3.8510
1,227,239,4,3.9686
1,221,240,5,2.9020
1,231,240,3,1.9882
1,231,241,4,1.3922
1,232,242,3,2.7020
1,238,243,2,1.1765
1,233,244,4,2.7451
1,239,245,3,2.5176
1,246,246,8,4.6510
1,235,247,5,2.7922
1,242,248,5,2.9412
1,246,249,2,1.0824
1,237,250,6,4.0471
1,242,251,14,10.8471
1,239,253,10,7.5098
1,250,253,4,1.2000
1,248,254,3,1.2667
1,247,255,4,3.1373
1,240,256,8,5.1804
1,255,257,3,2.3373
1,252,259,4,2.9804
1,258,259,2,1.4902
1,250,261,9,7.1569
1,238,262,12,9.4353
1,263,265,2,1.1647
1,260,266,4,2.9961
1,210,267,19,14.1020
1,248,268,11,7.8667
1,265,269,4,2.3059
1,265,270,2,1.1412
1,255,271,9,8.8235
1,262,272,4,2.3922
1,269,273,2,0.8353
1,259,275,7,5.0549
1,272,275,3,2.8314
1,264,276,4,2.2549
1,268,277,3,1.8157
1,266,278,5,3.7333
1,274,278,3,2.1647
1,267,279,4,2.8941
1,276,279,8,4.8471
1,267,280,5,3.4118
1,277,280,2,1.7176
1,253,281,12,7.9529
1,275,281,13,8.6039
1,276,282,5,2.5686
1,279,283,3,1.1412
1,280,284,3,1.3961
1,281,286,10,8.3216
1,285,286,8,5.9255
1,286,287,3,2.5882
1,288,288,8,4.4941
1,288,289,2,1.3373
1,291,291,9,4.6549
1,290,292,2,1.3608
1,291,292,3,2.0588
1,292,293,3,2.0196
1,294,296,5,2.8196
1,295,296,5,2.5412
1,295,297,2,1.2000
1,294,298,5,2.5490
1,295,298,5,2.3569
1,296,298,2,1.2039
1,298,299,2,0.9294
1,300,301,4,2.7333
1,301,302,5,1.5647
1,302,304,4,3.2510
1,303,306,3,1.6824
1,305,307,3,2.4157
1,306,307,10,7.7647
1,306,308,5,4.6667
1,308,309,7,5.3098
1,307,311,9,7.2510
1,308,312,15,12.7020
1,312,313,2,0.1451
1,313,314,2,0.1333
1,313,316,4,2.1843
1,314,316,4,2.3176
1,312,317,11,9.1686
1,313,318,16,11.7765
1,314,318,16,11.9098
1,315,318,5,3.2157
1,314,320,9,5.1843
1,319,321,3,2.4471
1,320,321,12,10.7059
1,322,324,3,2.9922
1,323,325,2,0.8863
1,325,325,9,4.2118
1,318,327,11,5.7451
1,324,328,5,4.0902
1,321,329,9,7.9608
1,326,329,3,2.1843
1,320,330,10,4.1059
1,329,331,2,1.2471
1,327,332,6,4.3059
1,330,332,5,3.5451
1,328,333,4,2.9294
1,334,335,2,1.1255
1,310,336,32,27.7176
1,330,337,6,5.9020
1,336,338,2,0.7176
1,335,340,6,3.4980
1,335,341,4,2.0275
1,340,341,2,1.2784
1,327,342,11,9.0627
1,340,344,2,1.3686
1,341,345,2,1.0118
1,332,346,7,6.0510
1,343,347,2,1.2941
1,347,347,11,6.6000
1,346,348,2,0.9922
1,346,349,5,2.9333
1,336,351,11,8.8588
1,339,351,12,7.9216
1,349,352,3,2.9804
1,354,356,4,2.9059
1,349,357,12,10.3294
1,353,357,6,4.0078
1,355,358,3,2.1843
1,351,359,7,6.4078
1,358,359,6,4.5176
1,350,361,8,5.7333
1,356,362,4,3.2824
1,360,362,7,5.0196
1,359,363,4,3.1020
1,358,365,4,3.2275
1,361,366,7,5.5255
1,357,367,9,6.6275
1,361,368,6,3.7294
1,366,369,2,1.7020
1,366,370,11,7.5373
1,362,372,7,4.8078
1,364,372,7,6.3255
1,372,373,2,1.3569
1,356,374,13,8.7490
1,368,374,3,2.1412
1,367,375,4,2.3569
1,363,376,11,8.8353
1,368,377,5,2.2941
1,374,377,4,1.9490
1,371,378,7,4.5882
1,375,378,3,2.1765
1,377,379,3,2.7686
1,378,380,3,1.9961
1,379,381,3,2.6902
1,363,382,14,13.1255
1,380,384,8,5.4353
1,382,384,13,10.5804
1,379,385,10,8.8941
1,383,385,4,2.6000
1,380,386,17,12.7333
1,386,387,4,3.6784
1,384,389,6,3.2314
1,386,391,11,9.8078
1,388,391,5,3.8941
1,385,392,10,8.1608
1,390,392,9,7.2667
1,391,393,4,3.0784
1,382,395,17,15.6353
1,394,396,2,1.1882
1,392,397,5,3.5059
1,396,399,5,3.6706
1,398,399,3,2.1922
1,396,400,5,3.3922
1,399,400,5,4.7765
1,400,401,2,1.5647
1,402,403,2,0.8000
1,403,403,9,4.4902
1,404,407,5,3.4941
1,406,407,3,2.2667
1,405,409,4,2.4980
1,408,409,2,0.9961
1,409,410,2,1.5098
1,406,411,4,3.6118
1,410,412,2,1.3961
1,410,413,4,2.8902
1,411,413,5,3.4627
1,415,416,2,0.9059
1,407,417,11,7.6863
1,416,419,5,4.3373
1,418,419,5,3.6588
1,416,420,3,2.6039
1,413,421,11,8.6235
1,418,423,5,3.5059
1,422,424,3,2.8588
1,414,425,14,11.0353
1,424,428,8,6.3961
1,427,429,2,1.1882
1,429,429,7,3.6118
1,424,430,9,7.2824
1,425,430,4,1.8314
1,431,432,2,1.3529
1,432,433,2,1.9608
1,432,434,2,1.7686
1,434,435,2,1.0471
1,433,436,2,1.7922
1,434,436,2,1.6000
1,436,438,2,0.9922
1,426,439,11,8.4118
1,437,440,3,1.2314
1,439,441,2,1.2667
1,439,442,3,1.8431
1,440,443,2,0.8471
1,433,445,8,6.6275
1,444,445,3,1.7216
1,445,446,2,1.5725
1,440,447,9,5.7176
1,442,447,5,2.7529
1,442,449,4,1.7490
1,447,449,3,2.9333
1,448,450,2,1.9608
1,446,451,4,3.0078
1,450,452,5,3.1137
1,452,453,2,1.2392
1,449,454,7,5.5412
1,451,456,10,7.6314
1,455,457,4,2.9529
1,457,458,5,2.8627
1,458,460,4,2.1216
1,459,462,11,8.2000
1,462,463,11,8.9961
1,461,464,2,0.8510
1,463,464,6,5.0667
1,462,465,3,2.1098
1,465,467,5,2.9020
1,466,467,3,1.3608
1,463,468,7,5.4902
1,465,468,9,6.5333
1,468,469,2,1.4706
1,469,470,3,2.9255
1,470,471,3,2.4549
1,469,472,5,3.2431
1,470,472,4,3.4549
1,464,473,12,10.9765
1,472,475,4,3.0627
1,474,475,3,2.8745
1,473,476,5,4.1020
1,473,477,4,3.2706
1,467,478,11,6.4667
1,475,480,6,4.2667
1,479,481,5,4.4549
1,480,481,6,4.8941
1,481,482,9,8.1882
1,480,484,19,13.0706
1,483,484,2,1.2588
1,484,485,6,3.1922
1,486,488,3,1.4706
1,487,488,2,0.7961
1,488,490,3,0.8510
1,489,491,2,1.3451
1,488,492,5,3.2353
1,491,492,3,2.2667
1,491,493,5,3.1608
1,492,493,4,3.2314
1,493,494,9,5.4039
1,495,495,10,5.8000
1,495,496,2,1.3922
1,497,498,4,2.2941
1,498,499,2,0.3216
1,499,500,5,2.9176
1,500,502,4,3.0275
1,498,503,5,2.0902
1,501,503,2,1.1529
1,502,505,13,9.7922
1,506,506,9,4.4824
1,506,508,2,1.1647
1,502,509,5,3.8078
1,504,512,5,4.0157
1,511,512,5,3.0157
1,510,513,2,1.1843
1,511,513,5,3.1608
1,511,514,4,2.5137
1,512,514,3,2.9922
1,503,517,9,6.3569
1,513,518,5,2.9333
1,516,520,4,2.6784
1,507,522,16,13.1686
1,519,522,2,1.3961
1,518,524,4,2.7451
1,524,525,4,3.8706
1,520,526,8,5.4980
1,521,526,11,6.7412
1,521,527,11,6.6275
1,526,527,2,1.8706
1,523,529,3,1.7059
1,528,529,3,1.9725
1,518,530,14,6.9569
1,515,531,9,7.0627
1,526,532,3,2.6118
1,529,533,3,1.4627
1,531,533,2,1.5686
1,524,534,10,7.4706
1,530,534,4,2.2431
1,514,535,11,9.5529
1,532,536,2,1.4353
1,527,537,4,1.8314
1,532,537,4,2.4627
1,531,538,3,1.7804
1,520,540,8,5.3020
1,537,541,3,1.8275
1,539,541,2,0.9686
1,541,542,2,1.4196
1,542,543,2,1.2039
1,522,544,11,8.1647
1,533,544,7,5.7373
1,546,548,2,1.3176
1,548,549,2,1.5529
1,548,550,2,1.1608
1,550,551,2,0.7843
1,530,552,12,8.0510
1,535,553,10,8.3137
1,547,553,5,3.6157
1,542,555,11,8.4627
1,549,555,2,1.7765
1,549,556,2,1.1647
1,550,556,2,0.7725
1,545,557,5,4.0431
1,552,557,9,7.9098
1,535,558,11,8.9255
1,556,559,2,0.8824
1,534,560,12,8.5490
1,552,560,5,4.9569
1,553,561,3,2.6627
1,558,561,5,3.5098
1,554,562,3,1.3490
1,558,562,7,5.3333
1,555,563,3,1.8118
1,544,564,7,5.3216
1,557,565,3,2.5020
1,564,568,6,3.2667
1,566,569,2,1.6078
1,562,570,4,2.0471
1,567,570,3,1.6471
1,568,571,3,1.3608
1,561,572,6,3.9216
1,568,573,4,2.6706
1,569,574,4,2.0157
1,560,576,7,6.6353
1,576,577,2,0.9373
1,572,578,2,1.5098
1,574,579,3,1.2667
1,572,581,4,2.3294
1,580,581,2,0.8667
1,583,585,2,0.9373
1,582,586,3,2.2941
1,581,587,4,2.3686
1,584,588,5,4.0392
1,585,588,18,13.4353
1,570,590,10,7.0039
1,586,590,4,3.3373
1,591,591,7,3.9882
1,576,593,8,6.6471
1,592,593,2,1.3098
1,591,595,2,1.0667
1,586,597,6,4.4627
1,590,598,3,1.9843
1,593,600,3,2.7255
1,597,601,2,1.4863
1,597,602,2,1.1255
1,598,603,2,0.9255
1,585,604,7,6.4157
1,594,604,7,5.0078
1,571,605,13,9.0549
1,589,605,20,17.3725
1,599,605,2,1.1647
1,575,606,11,8.7882
1,598,607,3,1.7647
1,588,608,6,4.5490
1,606,609,3,1.6000
1,596,611,7,3.5490
1,610,612,2,1.3686
1,609,613,3,2.0863
1,606,614,6,4.2824
1,611,615,6,4.4078
1,613,615,2,1.6627
1,611,616,3,2.0549
1,612,617,3,2.6784
1,614,618,2,1.2235
1,617,619,2,1.4941
1,614,621,3,2.1333
1,612,623,5,2.8902
1,617,623,5,3.3490
1,622,624,2,1.0314
1,623,624,2,1.1647
1,615,625,5,4.0784
1,624,626,2,0.9333
1,620,630,6,3.1176
1,629,630,6,4.4667
1,628,632,6,4.8196
1,604,633,23,18.9922
1,631,633,3,1.5569
1,632,638,5,3.1765
1,633,639,5,2.9686
1,636,639,3,1.9020
1,637,641,2,0.8431
1,634,642,4,1.7765
1,635,642,6,4.3647
1,630,643,12,9.4784
1,639,644,2,1.3490
1,640,646,3,2.0275
1,641,646,11,6.9137
1,641,647,3,1.6627
1,642,649,3,1.9686
1,643,650,9,6.3725
1,645,650,2,1.2039
1,643,651,3,1.5765
1,650,652,2,1.3294
1,627,654,17,11.5255
1,654,655,5,2.4863
1,648,656,3,1.8667
1,656,656,10,4.8824
1,644,657,5,3.2588
1,651,657,12,8.6118
1,653,659,10,8.6745
1,658,659,5,2.6000
1,646,660,5,2.8314
1,655,660,3,1.5176
1,638,662,8,4.8510
1,660,667,4,1.3294
1,664,667,10,7.5451
1,658,668,7,5.0471
1,651,669,11,8.7686
1,666,669,4,2.8235
1,663,671,5,2.1373
1,665,671,8,5.5176
1,667,672,3,2.6784
1,670,674,2,1.5882
1,649,675,11,7.8431
1,674,677,3,1.9176
1,671,678,4,0.8471
1,674,678,3,1.7294
1,649,680,16,11.7804
1,676,681,3,2.0863
1,680,683,2,1.0510
1,669,684,6,4.9608
1,675,684,7,4.9882
1,675,686,9,6.5059
1,680,686,4,3.4706
1,685,688,5,3.5098
1,685,689,4,3.2706
1,689,690,3,1.7412
1,687,691,2,0.8275
1,689,692,2,0.7922
1,693,694,4,1.7020
1,694,695,5,3.1490
1,691,696,3,1.1647
1,681,697,5,3.1020
1,688,699,5,3.8784
1,678,700,7,4.0275
1,693,701,14,9.8784
1,686,702,4,3.6353
1,684,703,6,5.5922
1,697,704,3,1.8235
1,698,705,2,1.3373
1,673,707,11,6.9725
1,700,707,5,4.7059
1,661,708,16,13.4000
1,695,708,3,2.0627
1,702,709,2,1.6510
1,702,710,2,1.0275
1,710,711,2,0.5490
1,681,712,25,18.0784
1,691,712,5,2.8078
1,709,713,2,1.3294
1,709,714,2,1.4706
1,710,714,2,0.8471
1,682,715,8,6.4902
1,714,717,2,1.3804
1,705,718,5,3.3216
1,715,718,3,2.5922
1,705,719,4,3.1137
1,706,722,5,3.7922
1,721,722,4,2.3255
1,707,724,4,2.9882
1,723,724,4,2.2235
1,716,725,2,1.4510
1,725,725,12,9.6824
1,697,726,6,3.6235
1,718,727,3,2.9451
1,719,727,4,2.0784
1,724,728,2,1.2392
1,700,729,6,3.4667
1,729,730,3,1.3725
1,693,731,7,4.6784
1,712,733,5,4.8392
1,715,734,4,2.4471
1,726,734,6,4.3333
1,679,735,17,12.8667
1,722,736,3,1.5490
1,731,737,6,4.9216
1,731,738,2,1.8980
1,733,740,2,1.2863
1,727,741,3,2.6235
1,735,742,5,2.5451
1,738,743,3,2.3294
1,708,744,7,5.1255
1,732,744,6,4.8235
1,733,745,3,1.7765
1,736,746,3,1.5686
1,738,747,3,2.3804
1,748,748,11,6.3961
1,726,749,6,2.9137
1,739,750,9,5.7686
1,749,751,2,1.1961
1,749,752,2,1.2353
1,720,753,7,3.9922
1,750,756,5,3.1490
1,744,758,5,4.5529
1,748,759,4,2.2353
1,734,760,7,4.4392
1,754,761,3,2.4941
1,742,762,12,7.1529
1,755,762,3,1.2196
1,729,764,10,6.9137
1,764,765,5,3.2314
1,757,766,4,2.5412
1,761,766,2,0.8078
1,767,768,2,1.5569
1,768,769,5,2.8235
1,763,770,2,0.9647
1,770,771,2,1.3020
1,771,771,10,5.8588
1,756,773,7,5.0275
1,772,773,3,1.6392
1,769,774,4,2.6157
1,746,775,7,4.8980
1,773,777,2,0.9725
1,753,778,26,17.8078
1,766,778,3,1.3490
1,770,779,3,1.9804
1,771,779,3,2.2392
1,753,781,7,3.3412
1,780,783,2,1.3922
1,781,785,3,2.3137
1,781,786,2,0.9804
1,762,788,6,3.9490
1,760,790,10,8.5922
1,784,790,3,1.9686
1,719,793,16,11.6196
1,792,793,3,2.4510
1,787,794,3,1.4667
1,789,797,3,1.7725
1,791,797,2,0.9216
1,765,798,15,10.5490
1,783,798,5,3.9569
1,776,799,6,3.9451
1,783,799,5,2.9647
1,794,800,3,1.9255
1,795,800,2,1.1608
1,796,801,2,0.6196
1,799,802,2,0.9608
1,761,803,24,19.1647
1,782,804,6,4.0706
1,801,806,4,2.5804
1,803,806,2,1.2314
1,790,809,6,4.1137
1,794,811,5,2.2706
1,800,811,4,3.0471
1,805,812,2,1.3569
1,812,812,10,6.1216
1,798,813,5,2.7608
1,813,814,2,1.0000
1,804,816,4,3.7294
1,804,817,26,17.7804
1,813,818,2,1.3843
1,808,819,3,2.5961
1,809,819,8,6.8314
1,778,820,15,11.6706
1,803,821,7,4.5843
1,797,822,7,4.6627
1,815,822,2,1.4588
1,811,824,4,3.1333
1,807,826,16,12.1725
1,822,826,3,2.3451
1,823,827,3,2.0235
1,826,827,18,13.7294
1,827,828,5,3.7961
1,817,829,11,8.5961
1,828,829,5,2.8000
1,810,831,6,2.2980
1,821,832,4,2.3255
1,830,833,2,1.5373
1,809,834,18,15.4235
1,819,834,5,4.6431
1,833,834,4,2.7804
1,801,835,16,11.5961
1,817,836,18,12.7882
1,825,836,4,3.5490
1,833,837,2,1.2431
1,831,838,4,2.0863
1,831,839,3,1.1608
1,839,840,3,1.4078
1,806,841,9,7.1020
1,835,841,3,1.5647
1,836,843,3,2.3176
1,760,847,21,17.7725
1,845,848,2,1.9804
1,846,848,2,1.0745
1,835,849,5,4.1725
1,842,849,3,2.5765
1,847,851,2,1.2314
1,850,852,2,1.0588
1,852,855,2,1.2157
1,852,856,2,1.2667
1,856,857,2,1.1059
1,793,858,17,12.9765
1,848,860,4,2.9686
1,855,861,2,1.5333
1,856,861,2,1.5843
1,858,862,2,1.1765
1,820,863,12,9.3020
1,849,864,5,3.7647
1,839,866,8,4.5373
1,854,867,16,12.0471
1,863,867,2,0.7216
1,858,868,5,4.3961
1,866,868,2,1.4667
1,867,869,2,0.3490
1,860,870,8,5.1059
1,863,870,6,1.2941
1,855,871,5,2.9529
1,861,871,4,2.6902
1,853,872,6,4.0980
1,847,873,8,7.2627
1,844,875,12,8.2000
1,866,875,7,5.2314
1,872,877,8,6.1176
1,873,878,7,6.0157
1,874,878,2,1.3569
1,868,879,3,2.6039
1,860,880,6,4.8706
1,841,881,11,7.7882
1,880,881,3,2.4510
1,865,882,11,9.2196
1,877,882,6,1.7451
1,869,883,4,1.6078
1,870,884,4,2.0824
1,871,885,4,2.8235
1,872,886,5,3.0980
1,877,887,5,4.0039
1,882,887,2,0.9529
1,875,889,4,2.7294
1,859,891,8,5.6588
1,869,892,8,5.7765
1,876,892,4,2.6980
1,890,893,2,1.1961
1,891,893,4,1.9373
1,887,894,3,1.6118
1,878,895,6,4.1765
1,888,895,3,1.6078
1,891,896,5,2.3098
1,893,896,2,1.4353
1,898,900,2,1.2431
1,897,902,3,1.2353
1,901,902,3,1.4510
1,900,904,3,1.8039
1,899,906,3,1.6118
1,905,906,3,2.7098
1,873,907,10,9.5569
1,880,909,10,7.5686
1,908,909,3,1.9412
1,895,910,6,4.9373
1,902,911,4,2.1922
1,892,913,10,6.9059
1,906,913,4,2.3608
1,911,914,3,1.6196
1,912,914,4,3.0471
1,896,915,9,5.4196
1,913,916,3,1.9098
1,911,917,4,1.4431
1,914,917,4,2.2118
1,881,918,14,12.0706
1,909,918,10,7.5647
1,900,919,9,5.9490
1,903,919,8,5.8235
1,917,920,7,6.1647
1,916,921,5,3.7137
1,916,922,5,4.0980
1,921,922,3,2.7098
1,918,923,5,4.8431
1,921,925,3,1.6314
1,924,925,4,3.1059
1,923,926,2,1.2510
1,923,927,2,1.7804
1,919,928,7,4.5059
1,922,929,7,6.4275
1,929,930,3,2.3647
1,928,932,7,3.3686
1,931,932,22,18.4235
1,928,933,8,6.2431
1,932,933,10,7.2745
1,929,934,6,4.8588
1,931,934,6,2.3804
1,925,935,11,6.1961
1,934,936,4,3.2039
1,935,936,9,6.2471
1,931,937,9,3.7333
1,936,938,4,2.3725
1,937,938,14,9.5216
1,937,939,8,4.9059
1,935,940,8,6.1765
1,939,941,11,8.2078
1,941,943,5,3.3333
1,933,944,25,19.4118
1,939,945,12,9.3608
1,942,945,3,1.8431
1,941,946,8,6.1569
1,944,947,7,4.3529
1,938,948,20,17.5765
1,945,949,8,5.4431
1,946,949,8,5.6039
1,949,950,2,0.2275
1,946,951,4,3.2510
1,947,951,10,9.3373
1,947,952,8,5.5098
1,951,953,6,4.6039
1,952,954,2,0.8471
1,944,955,17,14.5569
1,953,957,2,1.3059
1,958,958,10,5.3216
1,958,960,2,1.3176
1,956,961,5,2.6510
1,959,961,5,2.5059
1,952,962,10,7.0667
1,953,962,6,3.7922
1,961,963,5,1.6314
1,962,965,10,7.9647
1,963,966,4,1.2824
1,964,966,3,1.8549
1,966,967,2,0.7529
1,963,968,6,2.7098
1,967,968,2,0.6863
1,966,969,5,3.1098
1,967,969,5,3.1098
1,968,970,7,5.1686
1,970,971,2,0.9059
1,970,972,3,1.7451
1,973,974,5,4.0078
1,975,976,2,1.3176
1,976,978,4,2.6314
1,977,978,2,0.9020
1,974,979,5,2.6980
1,976,980,4,3.0314
1,978,980,4,2.0314
1,980,981,3,2.2196
1,979,983,6,4.6863
1,982,985,3,1.9333
1,984,985,2,0.9882
1,985,987,2,1.3059
1,986,988,2,1.2902
1,988,990,4,3.0471
1,987,991,5,3.4745
1,990,992,2,1.2235
1,993,994,2,0.9843
1,994,998,5,3.5529
1,997,998,3,2.1412
1,994,999,5,4.2980
1,995,1001,4,2.8314
1,989,1002,17,13.9412
1,999,1004,4,3.7216
1,1000,1005,3,2.2235
1,1004,1005,3,2.9608
1,1001,1006,3,1.0902
1,985,1007,18,16.1804
1,987,1007,18,16.2706
1,1001,1008,8,3.6039
1,1002,1008,6,4.7804
1,996,1009,9,6.5647
1,1003,1009,3,1.8431
1,999,1010,5,3.6196
1,1004,1010,4,3.8000
1,1005,1011,6,4.3294
1,1006,1011,11,7.5686
1,1002,1012,5,3.5569
1,998,1013,7,4.8078
1,1010,1013,5,4.6941
1,1011,1014,4,3.1647
1,1008,1015,4,3.0863
1,1016,1017,2,0.8471
1,1007,1018,8,5.6314
1,1017,1018,8,5.9686
1,1013,1020,6,4.7176
1,1017,1020,5,3.5725
1,1009,1022,9,6.9961
1,1006,1024,11,5.4549
1,1020,1025,3,1.4706
1,1021,1027,3,2.7137
1,1026,1027,16,11.8667
1,1023,1028,3,2.0157
1,1007,1029,14,9.8863
1,1018,1029,6,5.1373
1,1022,1030,4,2.8706
1,1028,1031,3,2.4431
1,1031,1032,4,3.2196
1,1030,1034,2,0.7922
1,1030,1035,3,2.3569
1,1029,1036,4,2.9608
1,1033,1039,3,2.6706
1,1028,1040,5,3.7882
1,1031,1040,4,3.1647
1,1037,1041,2,1.4667
1,1038,1041,2,1.9804
1,1039,1042,3,2.7176
1,1041,1043,2,1.3333
1,1043,1044,18,13.8157
1,1027,1045,7,4.8431
1,1019,1046,11,8.4941
1,1022,1047,12,4.5529
1,1046,1047,3,2.1882
1,1043,1049,4,2.2902
1,1048,1049,5,2.2235
1,1045,1050,4,2.3882
1,1045,1051,4,2.7725
1,1050,1051,4,3.4941
1,1046,1052,4,1.8078
1,1047,1052,4,2.2627
1,1040,1053,6,5.2549
1,1039,1054,10,7.5137
1,1051,1054,3,2.5843
1,1052,1056,5,3.3255
1,1055,1058,3,1.3804
1,1056,1058,3,2.7608
1,1054,1059,5,3.4863
1,1048,1062,13,10.3098
1,1050,1063,9,8.0863
1,1057,1063,6,4.1608
1,1058,1064,3,2.0471
1,1056,1065,8,5.3922
1,1060,1065,2,1.6549
1,1061,1066,2,1.3765
1,1062,1066,4,2.9647
1,1066,1067,2,1.3569
1,1062,1068,4,2.6431
1,1068,1069,4,2.6745
1,1068,1072,3,1.1686
1,1070,1073,2,1.0471
1,1071,1075,2,1.0431
1,1065,1076,17,14.0627
1,1073,1077,2,1.8706
1,1074,1077,2,1.0039
1,1075,1078,2,1.0196
1,1063,1080,11,8.7961
1,1075,1081,16,11.2157
1,1081,1082,7,3.7529
1,1081,1083,6,2.9882
1,1079,1085,10,8.9961
1,1083,1086,4,3.2157
1,1087,1089,2,1.3608
1,1088,1090,2,1.3961
1,1089,1090,2,1.9922
1,1085,1091,10,7.9451
1,1086,1091,3,1.1961
1,1085,1092,5,3.2980
1,1084,1093,8,5.7216
1,1089,1094,5,3.5843
1,1090,1094,5,4.9176
1,1094,1095,3,2.5412
1,1093,1096,5,2.7922
1,1091,1097,9,4.9608
1,1096,1098,6,4.4431
1,1099,1100,2,1.0863
1,1100,1101,7,4.1725
1,1100,1102,5,2.8157
1,1101,1103,2,0.8824
1,1101,1104,2,0.6902
1,1102,1104,2,1.1137
1,1102,1105,2,1.3765
1,1104,1106,2,0.7922
1,1107,1109,11,5.9882
1,1108,1109,3,1.5569
1,1109,1110,2,1.1412
1,1110,1111,2,1.3137
1,1110,1113,6,4.1451
1,1112,1113,2,1.0863
1,1114,1115,2,0.8157
1,1117,1120,3,1.7922
1,1118,1120,2,1.2471
1,1116,1122,3,1.6275
1,1119,1122,2,1.2235
1,1113,1123,8,5.3412
1,1115,1123,6,4.1294
1,1115,1125,10,5.2980
1,1122,1125,4,2.4314
1,1120,1126,6,4.1216
1,1124,1126,9,7.0980
1,1123,1127,4,2.9608
1,1121,1128,6,4.5098
1,1127,1130,4,2.9765
1,1129,1130,2,1.2078
1,1128,1131,5,2.3490
1,1127,1132,4,2.2627
1,1125,1133,5,1.9686
1,1130,1133,11,9.0039
1,1133,1134,4,1.6863
1,1126,1135,8,5.1843
1,1134,1135,5,1.7961
1,1135,1137,2,1.9412
1,1134,1138,4,2.2039
1,1137,1138,2,1.5255
1,1131,1139,6,4.5333
1,1136,1140,6,5.2157
1,1141,1143,3,1.7333
1,1140,1144,5,2.4471
1,1143,1145,2,1.2824
1,1137,1146,7,4.8314
1,1143,1147,6,3.9569
1,1144,1147,2,0.6627
1,1142,1148,4,3.2157
1,1142,1149,9,5.6078
1,1146,1150,3,1.9725
1,1147,1151,3,1.4941
1,1148,1154,5,3.3490
1,1152,1154,4,2.7843
1,1152,1156,4,2.7647
1,1154,1156,2,1.8627
1,1154,1157,7,4.5020
1,1156,1157,7,4.4824
1,1146,1158,7,4.1725
1,1156,1160,3,2.3176
1,1155,1161,4,3.9412
1,1158,1161,6,4.7686
1,1138,1163,17,9.4784
1,1153,1164,7,4.6431
1,1161,1166,3,2.3176
1,1165,1166,3,2.0510
1,1167,1168,4,1.8980
1,1159,1169,5,2.5137
1,1162,1170,8,4.7569
1,1167,1170,2,0.5922
1,1158,1173,7,3.0275
1,1169,1173,5,2.5882
1,1166,1176,4,2.4549
1,1169,1177,4,2.5843
1,1174,1177,2,1.4078
1,1170,1178,3,1.6627
1,1168,1179,6,4.1804
1,1171,1179,3,1.5569
1,1164,1180,8,4.9412
1,1175,1180,2,1.1333
1,1177,1182,2,1.3451
1,1164,1183,8,4.7216
1,1180,1183,2,1.2784
1,1164,1184,9,6.7451
1,1181,1184,6,3.2588
1,1179,1187,3,1.5176
1,1183,1188,2,0.9686
1,1183,1189,2,1.0431
1,1173,1191,5,2.4392
1,1185,1192,3,1.4431
1,1192,1193,4,3.0431
1,1186,1194,3,1.9608
1,1190,1195,14,8.9647
1,1191,1195,7,5.0196
1,1194,1196,2,0.9216
1,1194,1197,4,2.9255
1,1191,1198,4,3.1608
1,1193,1199,5,2.0196
1,1184,1200,6,3.8000
1,1172,1203,11,6.9647
1,1203,1204,2,0.9020
1,1202,1205,3,1.7804
1,1197,1206,5,2.0392
1,1200,1207,4,1.0314
1,1205,1208,2,1.2745
1,1199,1209,5,1.4431
1,1205,1213,8,5.5216
1,1212,1213,3,1.5882
1,1206,1214,3,1.6784
1,1210,1214,7,4.8941
1,1200,1215,6,4.1922
1,1207,1215,3,1.9882
1,1203,1216,4,1.8353
1,1207,1216,11,6.5255
1,1201,1217,5,3.5412
1,1211,1218,2,1.0667
1,1192,1220,12,7.2157
1,1214,1221,4,2.5569
1,1213,1222,3,1.7804
1,1220,1224,2,0.6118
1,1222,1225,3,1.7333
1,1219,1226,3,1.6235
1,1225,1226,8,5.2392
1,1223,1227,2,1.0706
1,1220,1228,3,0.8980
1,1216,1229,4,2.2980
1,1217,1230,5,3.0275
1,1195,1231,10,5.6431
1,1218,1232,6,4.3922
1,1227,1233,2,1.5804
1,1227,1234,3,1.3882
1,1233,1234,3,1.8078
1,1209,1235,10,6.4902
1,1226,1236,3,1.5765
1,1232,1237,3,2.3176
1,1230,1239,5,2.2667
1,1209,1240,9,6.5961
1,1238,1240,6,3.5412
1,1240,1241,3,1.7216
1,1215,1242,16,10.1765
1,1243,1244,2,1.3608
1,1244,1246,2,1.2745
1,1244,1247,4,2.9686
1,1247,1252,3,1.8902
1,1251,1252,2,1.1569
1,1245,1254,6,3.7294
1,1253,1254,5,2.1882
1,1247,1256,4,2.4824
1,1252,1256,4,2.1647
1,1248,1257,4,2.4549
1,1253,1258,6,3.5176
1,1250,1259,5,2.4353
1,1257,1259,5,2.3725
1,1257,1260,4,1.8353
1,1259,1260,4,3.3804
1,1255,1261,7,5.6941
1,1260,1262,2,1.7647
1,1261,1263,2,1.2824
1,1256,1264,7,5.0000
1,1265,1265,10,3.7569
1,1261,1266,3,2.0745
1,1249,1267,15,11.0000
1,1263,1270,3,1.2275
1,1267,1271,3,2.1216
1,1268,1274,2,1.0706
1,1274,1274,9,4.5333
1,1265,1275,3,1.6824
1,1273,1276,2,1.9686
1,1269,1277,3,2.2275
1,1270,1278,3,1.5608
1,1277,1278,4,2.1804
1,1277,1281,3,2.9451
1,1279,1282,2,0.8549
1,1282,1283,7,4.1490
1,1283,1284,5,2.8863
1,1267,1285,5,3.2078
1,1280,1285,3,1.9804
1,1278,1287,3,1.3216
1,1287,1288,2,0.6431
1,1282,1289,3,1.2118
1,1272,1290,6,4.4039
1,1286,1291,2,0.9961
1,1290,1291,9,6.9647
1,1276,1293,5,2.8118
1,1287,1295,3,1.5373
1,1292,1297,2,1.0157
1,1293,1298,2,1.8863
1,1294,1299,2,1.4275
1,1284,1300,5,2.7255
1,1296,1300,5,2.7294
1,1297,1301,4,3.0157
1,1290,1302,4,2.6039
1,1301,1302,5,4.4118
1,1297,1303,3,2.2157
1,1301,1303,4,2.8706
1,1300,1304,5,3.0196
1,1285,1308,9,6.3059
1,1303,1308,3,1.8314
1,1299,1309,6,3.1765
1,1306,1310,2,1.2706
1,1307,1310,2,1.4784
1,1285,1311,9,6.3059
1,1308,1311,2,2.0000
1,1309,1313,2,0.7216
1,1305,1315,3,2.3647
1,1314,1315,3,2.1451
1,1311,1317,2,1.2863
1,1311,1318,2,1.5490
1,1291,1319,10,6.3059
1,1312,1319,2,0.7647
1,1310,1320,3,2.9804
1,1316,1321,2,1.2549
1,1320,1323,2,1.2627
1,1320,1324,3,1.6275
1,1321,1324,4,2.0118
1,1325,1325,9,5.0353
1,1321,1329,3,1.8706
1,1324,1329,3,1.1922
1,1325,1330,3,1.9608
1,1322,1332,3,1.9725
1,1331,1332,3,2.5608
1,1327,1333,2,1.1333
1,1333,1334,3,1.5647
1,1328,1335,2,1.1490
1,1333,1337,2,1.4667
1,1334,1337,3,1.7059
1,1336,1338,8,6.6431
1,1329,1339,3,1.8078
1,1335,1340,3,2.1020
1,1335,1341,5,3.3137
1,1338,1341,4,2.0235
1,1342,1342,8,3.9373
1,1338,1343,4,2.2745
1,1341,1343,2,1.1059
1,1342,1344,2,1.0667
1,1319,1345,8,4.3059
1,1337,1346,5,3.2353
1,1302,1347,17,11.8118
1,1326,1347,8,5.9255
1,1346,1348,2,1.9608
1,1315,1349,11,8.0196
1,1349,1351,3,1.2353
1,1349,1352,10,7.9843
1,1350,1353,5,2.6039
1,1352,1353,5,2.6000
1,1347,1354,4,3.6078
1,1355,1357,2,0.8980
1,1343,1358,8,5.9961
1,1351,1359,3,1.5804
1,1353,1360,3,0.9216
1,1332,1361,12,7.5608
1,1354,1362,3,2.6275
1,1354,1363,3,2.1765
1,1357,1364,3,1.7333
1,1357,1365,2,1.6000
1,1351,1366,15,9.9608
1,1352,1366,5,2.6510
1,1360,1366,2,1.0824
1,1356,1368,3,1.7490
1,1367,1368,3,1.9098
1,1361,1369,5,3.5569
1,1368,1370,7,3.3882
1,1370,1371,5,2.7255
1,1365,1373,6,2.6000
1,1360,1375,5,2.6078
1,1361,1375,6,3.7020
1,1371,1376,7,4.4941
1,1372,1376,3,1.7333
1,1373,1377,6,2.7529
1,1373,1378,4,2.6196
1,1374,1378,3,1.0235
1,1376,1379,2,0.8078
1,1377,1380,2,1.1765
1,1378,1381,2,0.7176
1,1382,1382,9,4.4039
1,1382,1383,2,1.0000
1,1375,1384,7,6.1137
1,1385,1386,2,1.3412
1,1386,1387,4,2.5373
1,1386,1389,4,3.8471
1,1390,1391,8,4.6667
1,1391,1392,5,2.2824
1,1387,1393,3,1.4706
1,1388,1394,7,4.4235
1,1392,1394,3,1.6118
1,1394,1395,2,1.2471
1,1393,1396,5,4.1412
1,1397,1397,9,4.0588
1,1397,1398,2,1.0000
1,1399,1399,10,5.5922
1,1399,1400,3,1.3922
1,1399,1401,2,1.7529
1,1400,1401,3,1.6235
1,1402,1402,9,4.1412
1,1401,1403,2,1.5882
1,1402,1404,2,0.9020
2,1,2,2,1.4627
2,2,5,2,1.3255
2,4,5,2,0.7686
2,2,6,7,5.0039
2,3,7,3,2.0745
2,6,7,5,4.8353
2,6,8,2,1.7961
2,7,9,2,1.1059
2,5,10,3,1.6118
2,8,12,5,3.7216
2,12,13,9,7.1765
2,11,16,13,9.2000
2,16,18,2,0.7765
2,16,19,2,1.3843
2,15,20,7,4.9176
2,18,21,3,1.6549
2,18,22,2,0.3804
2,19,22,2,0.9882
2,24,24,10,5.8510
2,24,26,2,1.2118
2,19,27,10,5.7451
2,17,28,6,5.2627
2,25,28,4,3.3569
2,20,29,9,6.8431
2,20,30,5,4.1255
2,14,31,11,7.4000
2,23,31,4,2.1765
2,22,32,6,4.6667
2,31,34,4,2.1647
2,28,36,9,6.5686
2,29,36,6,3.4353
2,33,37,3,2.1098
2,34,37,7,5.4471
2,32,38,8,6.3098
2,37,39,8,4.6078
2,34,40,3,2.2745
2,35,40,3,2.0510
2,38,41,2,1.5882
2,41,41,7,4.0039
2,38,43,6,4.7216
2,41,43,6,5.1333
2,42,44,2,1.2196
2,40,45,4,2.1961
2,44,45,10,6.5137
2,43,47,8,6.8392
2,44,47,7,4.3451
2,46,49,3,2.2392
2,48,49,3,2.1098
2,47,50,3,2.2980
2,43,53,7,6.5216
2,32,54,13,11.4275
2,51,54,2,1.0706
2,52,55,2,1.5059
2,50,56,6,4.3176
2,53,56,3,1.6549
2,55,57,3,2.5059
2,50,60,6,4.1765
2,58,60,2,1.4510
2,53,61,14,9.1255
2,54,61,16,14.6000
2,59,61,3,2.0980
2,60,62,2,1.4039
2,60,63,2,1.6902
2,54,64,16,14.9216
2,59,64,3,2.4196
2,61,64,2,1.6627
2,49,66,11,8.1686
2,55,66,10,7.9569
2,45,67,18,10.7451
2,56,68,7,4.8157
2,66,69,4,2.2314
2,72,74,4,2.7647
2,72,75,2,1.9255
2,71,76,7,5.0157
2,73,77,2,1.9843
2,76,77,2,1.5216
2,64,78,15,12.5843
2,70,78,4,3.4235
2,74,79,3,1.8706
2,65,80,15,10.2549
2,69,80,6,4.8471
2,76,82,4,2.7059
2,77,82,5,4.9804
2,81,83,3,2.6510
2,82,83,5,4.2824
2,84,85,5,3.7451
2,83,86,3,2.0902
2,84,87,4,3.6157
2,85,88,5,4.2549
2,89,90,2,0.9490
2,90,92,5,2.4902
2,91,93,2,1.3647
2,92,93,2,1.2706
2,78,94,20,18.1059
2,93,95,2,1.2275
2,98,99,5,3.2392
2,96,100,8,5.1098
2,98,103,2,1.6471
2,100,104,8,6.6902
2,102,105,2,0.6353
2,102,106,2,1.2941
2,99,107,3,1.6510
2,106,108,2,1.4314
2,97,110,7,5.2157
2,110,111,5,2.9725
2,101,112,4,3.1961
2,113,116,3,1.4471
2,115,116,3,1.8196
2,100,117,7,5.9765
2,117,118,3,2.5098
2,112,120,4,2.8039
2,117,121,2,0.8980
2,120,123,3,1.9490
2,116,125,4,2.8706
2,121,125,9,5.7255
2,124,125,12,6.2784
2,111,126,9,5.0275
2,122,127,3,1.4902
2,109,128,10,5.5686
2,114,129,12,8.3333
2,121,130,5,2.7216
2,127,131,2,0.9765
2,119,132,7,6.0941
2,130,133,3,2.2667
2,128,134,6,3.0510
2,128,135,8,4.0471
2,129,136,4,2.5608
2,127,137,5,2.7529
2,129,138,6,4.5216
2,135,138,5,3.0745
2,132,139,8,6.3725
2,137,139,2,1.3569
2,137,140,2,1.0471
2,140,141,2,0.8745
2,135,142,4,1.8118
2,138,142,2,0.0000
2,132,144,6,5.2863
2,133,144,4,3.4118
2,139,145,2,1.0314
2,140,145,2,0.7216
2,145,147,2,0.8039
2,142,148,3,0.9686
2,143,149,4,2.4980
2,146,149,7,3.7843
2,150,150,10,8.4941
2,150,151,2,1.6196
2,144,153,5,3.5804
2,152,154,3,2.0549
2,154,154,10,8.3686
2,149,155,8,7.1059
2,155,156,4,3.1804
2,156,158,9,8.3529
2,157,158,7,3.8431
2,158,159,3,2.5804
2,160,161,2,1.1608
2,161,163,4,2.2627
2,162,163,2,1.3373
2,164,165,3,1.9882
2,165,166,3,2.5843
2,166,167,4,2.8980
2,165,169,5,1.9529
2,166,169,4,2.1294
2,168,171,3,2.1451
2,169,171,3,1.7608
2,170,173,3,1.9686
2,173,176,4,2.4980
2,174,176,3,2.5059
2,171,177,4,2.8039
2,178,180,2,1.0549
2,179,180,3,1.6039
2,175,182,7,4.7922
2,183,184,3,2.4706
2,182,186,3,1.6941
2,180,187,6,3.6902
2,186,187,6,3.4000
2,182,188,4,2.9020
2,186,188,4,2.4000
2,181,189,5,3.2275
2,185,189,6,3.7725
2,184,190,5,4.1294
2,189,192,3,2.3882
2,183,193,7,4.9922
2,191,194,3,2.2000
2,194,195,2,1.6667
2,192,196,6,3.4039
2,194,196,2,1.0000
2,187,197,6,3.6824
2,195,198,2,1.2431
2,196,198,2,0.5765
2,200,202,2,1.1373
2,201,203,2,1.6314
2,198,204,3,2.1569
2,188,205,10,6.8706
2,199,205,5,3.5843
2,202,206,2,1.4392
2,204,207,4,1.7922
2,202,208,6,3.0667
2,206,208,4,2.3098
2,206,209,2,1.3451
2,195,210,7,4.2078
2,203,210,6,3.4667
2,205,212,3,0.6980
2,192,213,9,6.6941
2,172,214,30,23.4431
2,211,214,3,2.4235
2,208,218,5,3.4745
2,215,219,3,2.8941
2,217,221,3,2.1647
2,221,222,3,2.1255
2,219,223,2,1.0196
2,214,224,5,3.6784
2,219,224,6,3.9569
2,220,225,2,0.8275
2,221,226,2,1.2471
2,225,226,2,0.6157
2,216,227,5,3.3059
2,203,228,14,10.5294
2,210,230,10,3.6235
2,225,233,3,1.5882
2,232,233,5,2.2980
2,231,234,2,1.8235
2,227,235,3,2.3373
2,227,236,6,3.9059
2,228,238,3,2.6196
2,229,238,3,1.9804
2,234,239,2,1.3294
2,232,240,3,2.0471
2,234,240,2,1.0118
2,224,242,5,4.6941
2,236,243,4,1.9176
2,228,244,7,5.2824
2,237,244,4,2.0745
2,242,246,9,7.0235
2,225,247,8,4.4275
2,226,247,8,4.3216
2,241,248,5,4.5176
2,242,249,5,3.7176
2,245,250,4,2.2000
2,204,251,17,14.0157
2,247,252,3,0.7020
2,249,253,5,2.8392
2,244,254,5,3.0510
2,250,256,3,1.3647
2,251,257,2,1.0784
2,256,257,4,1.2353
2,247,258,3,1.6235
2,248,259,3,2.7569
2,248,260,3,1.9765
2,251,261,3,2.3255
2,257,261,3,1.3725
2,240,262,8,4.8863
2,260,263,2,0.9961
2,238,265,9,7.2902
2,250,266,5,2.8510
2,255,266,3,2.0902
2,256,267,3,1.3843
2,262,268,2,1.1333
2,262,269,2,1.1490
2,264,271,2,1.1294
2,271,271,10,6.3490
2,265,272,2,1.9412
2,265,273,2,1.7294
2,243,275,10,6.7333
2,274,275,3,1.8980
2,260,276,5,3.7176
2,275,277,2,1.0745
2,261,279,6,2.1412
2,279,280,4,2.1569
2,276,282,4,2.7804
2,278,284,3,2.1961
2,279,284,5,3.9529
2,253,285,12,7.8941
2,270,286,8,5.3686
2,276,287,8,5.2275
2,282,287,4,2.0275
2,282,288,3,2.0392
2,281,291,4,3.1490
2,285,291,6,4.1451
2,285,292,2,1.0392
2,289,293,2,1.1451
2,290,293,2,1.2078
2,266,294,10,6.4039
2,286,295,3,2.6353
2,295,296,2,1.7137
2,298,298,10,5.1059
2,286,301,6,2.5451
2,295,301,3,1.1882
2,298,302,2,1.1608
2,299,302,2,1.2431
2,287,304,10,5.9922
2,297,304,3,1.7216
2,302,305,2,1.1922
2,291,306,6,4.7373
2,293,306,5,3.3804
2,303,307,2,1.0706
2,300,310,3,2.2980
2,310,311,2,1.3647
2,304,313,2,0.8784
2,306,314,2,1.7686
2,315,316,3,1.6235
2,307,317,2,1.4275
2,316,317,5,2.5882
2,307,318,2,1.3725
2,308,318,2,1.2863
2,301,319,4,2.5490
2,312,319,3,2.5529
2,309,321,7,4.6863
2,283,322,10,6.8157
2,314,323,5,4.3020
2,320,323,2,1.2745
2,318,324,3,1.9255
2,321,325,9,6.0627
2,322,325,2,1.2431
2,319,326,3,2.5373
2,284,327,15,10.1608
2,322,327,4,1.8863
2,310,328,6,3.3608
2,325,329,4,3.2000
2,323,332,7,4.9333
2,328,334,6,4.5765
2,330,335,3,1.4157
2,331,335,2,0.6627
2,327,336,8,4.9961
2,333,336,3,2.4706
2,334,337,4,1.8863
2,336,339,3,2.2471
2,328,340,9,5.5882
2,335,341,6,4.2941
2,337,341,8,4.3333
2,321,342,20,14.3608
2,341,343,2,1.2588
2,314,345,17,13.4039
2,338,345,5,3.4627
2,338,346,5,3.8824
2,345,346,2,1.5490
2,344,348,3,1.8784
2,348,349,4,1.3098
2,346,350,4,2.7059
2,347,352,5,2.2431
2,349,356,5,2.9176
2,345,357,6,3.4941
2,353,357,2,1.0235
2,357,358,3,1.4706
2,357,359,2,1.2471
2,358,359,3,1.6118
2,352,360,8,5.2157
2,359,361,2,1.0941
2,354,363,4,1.9804
2,351,364,5,4.5804
2,362,365,2,1.3843
2,363,365,6,4.7490
2,364,366,5,4.3294
2,355,367,5,3.2549
2,367,368,4,1.9333
2,365,369,3,2.3176
2,364,370,11,8.2863
2,352,371,10,5.6824
2,370,371,2,0.7686
2,367,372,13,7.9529
2,370,372,5,1.4745
2,371,372,4,2.0471
2,373,375,2,1.3686
2,374,375,3,2.5294
2,375,377,10,7.0471
2,376,377,3,2.5725
2,375,378,10,7.2039
2,377,378,2,1.3333
2,363,379,22,16.7333
2,379,380,4,3.0196
2,379,381,5,4.6667
2,378,382,5,4.4078
2,381,382,4,3.0431
2,377,383,23,20.1804
2,378,383,23,20.3373
2,384,385,2,1.1294
2,385,387,5,2.7961
2,386,388,3,2.0431
2,388,389,2,1.5804
2,387,390,2,1.1137
2,388,391,2,1.7647
2,391,392,4,2.5843
2,392,393,2,1.4824
2,394,394,10,6.0196
2,394,395,2,1.4039
2,396,399,5,3.6863
2,397,399,3,1.9843
2,398,400,3,2.3333
2,401,402,3,2.2118
2,402,404,3,2.0000
2,403,404,5,3.2392
2,400,405,5,3.8902
2,402,406,3,1.5451
2,405,407,2,0.9686
2,399,408,8,7.1412
2,403,411,4,2.6941
2,410,411,3,1.8118
2,411,412,2,0.9608
2,409,413,3,1.6902
2,408,414,5,2.4824
2,415,416,3,2.4118
2,416,417,2,0.9255
2,413,418,5,2.8706
2,418,419,2,1.3059
2,419,421,2,1.1216
2,419,422,2,1.1059
2,414,423,12,9.4549
2,420,424,4,2.3569
2,428,428,9,5.0118
2,424,429,4,2.5412
2,425,429,3,2.1294
2,428,430,2,1.0000
2,424,432,7,5.1804
2,429,432,3,2.8980
2,416,434,14,12.0275
2,426,435,5,3.5176
2,427,436,5,3.0235
2,433,437,2,1.3255
2,432,439,3,2.0275
2,431,440,5,1.5490
2,437,441,2,1.0980
2,434,442,8,6.0039
2,438,442,2,1.2667
2,440,443,6,4.2706
2,437,444,4,2.3176
2,442,445,2,1.1843
2,435,447,4,3.7020
2,436,448,4,2.2431
2,447,448,2,1.8471
2,447,454,3,1.9255
2,448,454,3,1.9451
2,448,455,3,1.8078
2,440,456,5,4.4549
2,449,457,2,1.5059
2,450,457,2,1.4235
2,444,459,4,2.2471
2,455,460,4,1.3922
2,457,461,2,1.7255
2,452,462,3,2.9765
2,455,464,3,1.3412
2,460,464,4,2.4902
2,460,465,2,0.7373
2,458,466,4,2.8039
2,462,467,2,1.1216
2,464,468,2,1.2000
2,456,469,5,3.0392
2,459,470,4,2.7020
2,446,472,7,4.5059
2,472,473,2,1.0157
2,456,474,8,5.4510
2,461,474,12,7.8196
2,461,475,4,3.0980
2,466,475,5,2.4471
2,434,477,12,7.9725
2,462,479,6,3.5961
2,476,479,3,2.1843
2,475,480,4,3.6196
2,466,481,6,4.3451
2,451,482,14,9.7059
2,471,485,5,4.2353
2,474,487,5,2.7765
2,481,488,3,2.3098
2,482,489,4,1.0706
2,477,490,6,3.3490
2,483,490,2,1.4157
2,485,491,3,2.1882
2,486,494,2,1.2627
2,494,494,9,5.3843
2,481,496,3,2.6784
2,488,496,2,1.4078
2,485,497,3,2.5882
2,472,498,7,4.8353
2,493,499,2,1.2078
2,495,502,2,0.6824
2,479,503,5,2.9725
2,484,504,4,3.1569
2,497,504,5,3.1490
2,498,505,4,2.4863
2,478,506,7,5.6510
2,501,507,7,5.2902
2,502,507,2,0.8980
2,502,508,2,1.2627
2,488,509,4,1.3098
2,496,509,3,1.7098
2,497,512,4,3.6549
2,504,512,2,1.8588
2,453,513,14,12.1922
2,499,514,3,1.9725
2,500,515,5,2.7412
2,506,515,2,1.8118
2,507,516,2,1.0745
2,508,516,2,1.4392
2,510,517,2,1.5961
2,511,517,3,2.3333
2,511,518,3,2.2784
2,503,519,3,1.3804
2,490,521,9,5.3922
2,498,523,5,3.6039
2,513,523,3,2.2824
2,514,524,2,1.1843
2,517,526,2,1.6588
2,525,526,2,1.3529
2,463,528,13,7.9490
2,477,528,10,7.3059
2,522,530,2,1.2353
2,519,531,4,2.1765
2,520,531,5,3.0314
2,512,532,4,3.0980
2,530,533,4,2.0471
2,513,534,5,2.7882
2,533,534,3,1.7882
2,506,535,5,4.6588
2,515,535,4,2.9569
2,536,536,10,5.2745
2,508,537,5,3.8039
2,516,537,4,2.9294
2,492,538,14,8.0039
2,529,538,3,2.1569
2,530,539,3,2.0863
2,533,539,4,1.6235
2,536,540,2,0.8078
2,534,541,3,2.7333
2,523,545,6,3.5804
2,537,546,7,5.2627
2,528,548,6,4.7961
2,544,552,3,2.1647
2,551,552,3,1.7373
2,538,553,5,4.4588
2,539,553,8,5.8471
2,542,556,4,3.1922
2,549,556,2,1.8784
2,543,558,11,7.3843
2,556,559,2,1.7098
2,558,560,3,1.9412
2,531,561,12,7.5216
2,548,562,4,3.6667
2,552,562,5,3.5098
2,548,563,6,5.1098
2,553,564,3,2.1412
2,550,565,4,1.5490
2,559,565,2,0.7216
2,509,566,12,8.0941
2,566,567,3,2.0784
2,565,568,2,0.8235
2,526,569,11,8.0039
2,535,571,10,9.3843
2,568,572,5,3.7686
2,558,573,5,2.4627
2,571,575,2,1.2353
2,571,576,2,1.1216
2,557,577,6,3.2157
2,573,577,3,1.1961
2,555,578,7,5.9333
2,559,579,6,4.2863
2,568,579,7,4.5843
2,574,580,3,2.4000
2,570,581,4,3.3490
2,573,583,4,2.4941
2,580,583,11,8.8627
2,562,587,7,5.9490
2,578,588,4,3.2392
2,577,590,5,2.0863
2,583,590,2,1.2941
2,585,591,3,1.7098
2,586,591,2,1.2275
2,554,593,19,13.0039
2,589,594,2,1.4157
2,580,595,4,3.8118
2,584,595,4,3.5686
2,590,595,22,17.2941
2,585,596,3,1.5882
2,591,596,2,1.4863
2,547,597,15,10.8118
2,587,597,4,2.5725
2,594,598,2,1.5608
2,579,599,7,4.1490
2,594,599,2,1.6902
2,581,600,5,2.8784
2,587,601,4,2.4588
2,593,602,3,1.3843
2,582,603,5,4.6157
2,602,603,6,4.2431
2,599,604,2,1.2549
2,597,608,3,2.4824
2,601,608,3,2.2745
2,605,609,2,1.7725
2,609,610,5,3.2039
2,610,611,3,0.8745
2,612,612,10,6.4078
2,607,613,2,1.3961
2,591,614,6,3.3490
2,596,614,6,3.2275
2,608,615,2,1.3098
2,527,619,21,17.3098
2,606,619,5,4.1020
2,596,620,5,2.4431
2,614,620,2,1.1765
2,614,621,2,1.3529
2,592,622,6,3.4549
2,578,624,9,6.4471
2,618,625,5,3.0235
2,612,626,3,2.6510
2,620,627,2,0.8510
2,624,630,2,1.5647
2,609,631,4,2.8353
2,610,631,4,2.3451
2,600,633,6,5.1804
2,626,634,2,1.2157
2,626,635,3,2.2196
2,613,636,5,2.6863
2,622,637,3,2.1020
2,623,637,3,2.3882
2,628,638,2,0.5647
2,629,638,2,0.9020
2,603,640,6,4.6000
2,617,642,4,3.3373
2,624,643,3,2.1961
2,630,644,4,2.6275
2,619,646,4,3.6196
2,622,647,4,2.3882
2,637,647,4,3.1137
2,625,649,4,1.5765
2,631,650,3,2.2000
2,636,651,3,1.4157
2,640,652,4,2.2275
2,641,652,3,2.2118
2,642,653,4,3.4588
2,643,654,3,2.3216
2,566,655,17,12.9294
2,649,658,3,2.2745
2,655,659,4,2.9804
2,638,660,5,1.2588
2,657,660,9,5.1922
2,640,661,5,3.3216
2,648,661,4,2.5765
2,652,662,3,1.4471
2,646,664,5,4.9725
2,645,667,6,5.5569
2,647,668,6,4.3765
2,644,671,7,5.3725
2,655,672,5,2.5373
2,667,672,7,4.4039
2,656,673,5,3.8549
2,660,674,4,3.0314
2,671,676,6,3.9059
2,665,680,4,2.1725
2,674,680,3,1.7882
2,675,681,2,1.9843
2,666,683,4,3.1569
2,667,684,4,3.1961
2,679,685,10,7.0745
2,679,686,2,1.7020
2,674,687,3,1.5608
2,661,689,6,3.6941
2,670,690,4,2.4078
2,677,691,3,2.2431
2,663,692,6,3.8510
2,691,692,3,1.9059
2,678,694,4,1.5020
2,682,694,7,3.8549
2,682,695,8,6.5529
2,673,696,5,2.6549
2,690,697,3,1.7059
2,691,698,3,2.1843
2,692,698,8,5.7294
2,694,699,2,0.8941
2,682,700,4,2.8627
2,695,700,4,3.3373
2,683,701,7,6.5137
2,686,702,7,5.0196
2,657,703,10,8.2118
2,681,704,5,2.6431
2,693,705,3,1.9451
2,698,705,5,3.6431
2,699,706,4,2.2431
2,664,708,9,7.4392
2,632,709,14,9.5176
2,708,709,3,1.8078
2,679,710,6,4.0863
2,686,710,5,3.2549
2,705,711,2,1.1608
2,700,712,3,2.0549
2,683,713,9,6.4549
2,695,713,4,2.5843
2,672,714,8,5.6039
2,696,715,4,2.2471
2,715,716,2,1.1804
2,704,718,3,2.3843
2,697,719,4,3.1882
2,708,720,3,1.4353
2,718,722,3,2.2235
2,718,723,2,1.2078
2,721,725,8,5.4353
2,715,726,3,1.5843
2,717,727,3,1.6118
2,727,727,10,5.0784
2,671,733,12,7.3725
2,713,734,5,3.6941
2,729,734,3,2.5765
2,709,735,6,4.0510
2,725,736,7,4.7059
2,730,738,2,1.2627
2,669,739,16,11.7176
2,739,740,2,1.3922
2,737,742,2,1.2510
2,738,742,2,1.4902
2,738,743,2,1.4196
2,731,744,3,2.1451
2,741,745,2,1.9647
2,745,746,13,10.3294
2,724,748,5,2.9961
2,742,750,2,1.8196
2,743,750,2,1.7490
2,680,751,13,6.9412
2,688,751,16,10.2471
2,739,752,3,2.2667
2,728,753,5,4.5451
2,745,753,8,5.8431
2,699,755,10,6.3529
2,734,757,4,3.7647
2,747,758,8,5.7176
2,748,758,2,1.3059
2,736,759,5,2.1843
2,749,760,2,1.4196
2,710,761,9,7.7529
2,760,761,3,1.5059
2,743,762,5,2.7216
2,750,762,4,2.4980
2,732,764,10,8.9608
2,754,766,2,1.1608
2,760,767,2,1.7137
2,761,768,2,1.1059
2,762,769,2,1.7059
2,769,770,3,1.7333
2,771,772,2,1.6549
2,752,773,3,2.0157
2,764,773,10,6.8941
2,752,774,3,2.1412
2,753,774,4,3.2275
2,756,776,3,1.7686
2,707,777,13,10.9804
2,748,777,5,3.4471
2,763,778,4,2.2980
2,772,778,4,2.2902
2,744,779,5,2.3059
2,765,780,3,1.5059
2,766,781,4,2.6667
2,775,781,2,1.0784
2,725,785,9,4.7882
2,769,786,3,2.1765
2,751,787,5,2.8941
2,779,788,2,1.2902
2,774,789,3,2.1490
2,776,790,7,4.4157
2,783,790,2,1.6392
2,784,791,5,4.4078
2,785,791,2,1.7294
2,785,792,2,1.5725
2,780,794,3,1.8196
2,766,795,6,3.3922
2,781,795,3,2.5843
2,791,796,2,1.7647
2,793,798,2,0.8941
2,798,798,10,4.6353
2,764,799,6,4.8314
2,789,801,3,1.2510
2,776,802,5,2.4353
2,758,803,7,5.8353
2,797,804,2,1.3098
2,799,806,6,3.4706
2,800,806,2,1.9922
2,801,807,2,1.8471
2,801,808,7,4.9176
2,794,810,3,1.9294
2,780,811,5,3.0471
2,794,811,5,2.7608
2,795,812,3,2.1725
2,782,813,5,3.9333
2,796,814,3,1.8157
2,815,816,3,1.8078
2,806,817,2,1.4392
2,809,818,4,2.6902
2,790,819,5,3.4667
2,803,820,3,2.4588
2,819,820,6,4.2039
2,796,821,4,3.2431
2,815,822,4,2.5059
2,799,823,8,5.1176
2,818,824,4,2.5843
2,811,825,3,1.7216
2,813,826,3,2.4196
2,819,827,2,1.1608
2,777,828,12,9.1294
2,803,828,6,2.4863
2,820,828,4,3.1804
2,822,829,2,1.0196
2,804,830,4,2.1647
2,824,831,2,1.9922
2,813,832,5,3.9490
2,830,833,3,1.8902
2,804,834,5,4.5490
2,830,834,3,2.5569
2,834,837,2,1.2157
2,805,839,7,5.9725
2,835,840,3,2.1373
2,838,840,2,1.0392
2,836,843,3,1.5843
2,843,843,11,6.8118
2,759,844,18,13.7529
2,845,845,9,4.6824
2,832,847,5,2.1294
2,842,847,6,3.0471
2,845,850,5,3.1961
2,840,851,3,2.6431
2,841,852,9,6.7529
2,851,853,2,1.0980
2,839,854,5,3.3765
2,848,855,5,3.1529
2,849,855,4,2.9922
2,852,856,7,3.5647
2,855,857,2,1.4314
2,846,858,6,5.0745
2,851,859,5,3.4667
2,856,859,4,2.7490
2,854,861,4,3.4627
2,860,861,4,2.8392
2,857,862,3,1.5922
2,861,864,3,2.2275
2,863,865,2,1.2588
2,859,866,4,2.8275
2,858,868,5,3.6196
2,865,870,5,3.4000
2,870,872,2,1.1294
2,871,873,2,1.3137
2,868,874,6,4.8706
2,873,875,2,1.5843
2,873,876,5,3.7333
2,875,876,5,3.5843
2,867,877,9,6.2431
2,862,878,8,5.3059
2,875,880,2,0.7176
2,876,881,2,1.4000
2,869,882,5,2.9725
2,877,882,5,1.8118
2,869,883,5,3.3608
2,882,883,2,1.2510
2,882,885,5,2.7451
2,885,886,3,1.9608
2,879,887,6,4.7843
2,884,887,5,4.0980
2,887,890,3,2.4039
2,883,891,12,8.2863
2,889,892,2,1.4000
2,888,893,3,2.0902
2,893,895,4,2.2667
2,890,896,5,3.3333
2,894,897,3,2.4039
2,896,897,7,4.9569
2,892,898,5,3.1176
2,897,899,2,1.1490
2,895,900,4,2.6431
2,898,901,2,1.7529
2,902,903,2,1.2392
2,903,906,5,4.2353
2,904,907,2,1.4431
2,905,907,2,1.4431
2,903,909,4,2.9490
2,908,910,3,1.9882
2,909,913,14,10.0824
2,910,916,5,3.1647
2,911,916,3,2.0235
2,907,917,6,5.8196
2,914,918,3,2.4824
2,915,918,2,1.6549
2,916,919,2,1.6706
2,917,920,2,1.8863
2,917,921,2,1.6471
2,909,922,7,3.2353
2,916,922,11,9.3451
2,919,922,11,9.5804
2,920,923,2,1.9725
2,921,923,2,1.7333
2,910,925,6,4.3608
2,919,925,3,2.7176
2,921,926,5,2.2078
2,924,926,2,1.3216
2,922,927,4,3.0941
2,920,928,5,3.7843
2,923,928,5,3.0118
2,930,932,2,1.9922
2,931,932,2,1.7490
2,912,933,10,7.3686
2,928,933,5,3.8510
2,918,934,8,5.4157
2,929,934,3,1.9569
2,933,935,2,1.5647
2,926,939,7,6.3098
2,925,940,8,6.5176
2,934,940,7,5.8667
2,941,942,2,1.2549
2,943,943,10,8.2510
2,943,944,2,1.9059
2,937,945,7,4.9373
2,938,945,5,3.3725
2,942,946,4,2.7333
2,940,949,6,3.6588
2,942,951,7,5.1137
2,950,951,3,2.1647
2,946,952,2,1.9725
2,947,952,3,2.4314
2,949,953,2,1.3922
2,932,955,11,7.9059
2,949,955,4,2.7608
2,946,958,5,3.3373
2,952,958,4,3.4824
2,951,960,5,3.7961
2,954,961,4,2.5843
2,945,962,10,7.8235
2,961,963,5,3.9686
2,955,964,7,6.2784
2,956,965,7,5.0157
2,963,968,4,3.0078
2,957,970,8,4.3176
2,965,970,2,1.0157
2,966,971,2,1.0627
2,967,971,2,0.8235
2,965,972,3,2.3608
2,969,972,3,1.8118
2,962,973,5,2.2784
2,972,974,2,1.0784
2,971,978,5,3.0667
2,975,979,2,1.1255
2,976,979,2,1.2784
2,970,980,6,3.0118
2,980,981,7,5.1294
2,959,982,13,9.2275
2,978,982,2,1.2588
2,958,983,14,12.0431
2,981,985,6,5.3647
2,936,986,26,19.7333
2,984,986,2,0.8667
2,981,987,5,1.8000
2,985,987,2,1.4314
2,948,988,21,18.0000
2,985,988,2,1.6980
2,973,989,7,5.4667
2,978,990,4,2.5059
2,982,990,4,2.3098
2,987,991,2,1.5137
2,988,991,2,1.7804
2,979,992,7,4.8118
2,980,992,5,3.8275
2,991,993,2,2.0000
2,989,994,3,1.8627
2,986,995,4,2.8196
2,977,996,13,10.3490
2,992,999,5,4.1529
2,997,999,7,6.0235
2,996,1000,6,2.2431
2,989,1005,10,7.7176
2,1002,1005,2,1.8706
2,999,1006,3,2.0078
2,1003,1007,2,1.3098
2,1007,1007,9,4.9020
2,995,1009,10,5.8353
2,1004,1010,3,2.6510
2,1008,1010,2,1.6902
2,1005,1011,3,2.8471
2,990,1012,9,6.5569
2,998,1013,5,4.0980
2,1012,1013,3,1.5765
2,1009,1014,2,1.8824
2,1014,1014,7,3.3647
2,1001,1016,5,2.7490
2,1010,1016,3,2.2549
2,1015,1017,3,2.4824
2,1010,1018,3,2.3647
2,1016,1018,2,1.3804
2,1014,1019,3,2.8588
2,1020,1021,5,2.8431
2,1018,1022,2,1.3490
2,1012,1023,4,2.8588
2,1013,1024,5,4.3961
2,1020,1026,5,4.2353
2,1021,1027,3,2.6000
2,1023,1028,3,1.7608
2,1023,1029,2,1.5059
2,1017,1030,5,2.2157
2,1000,1032,12,8.5882
2,1022,1033,3,2.3490
2,995,1034,14,11.9647
2,1019,1034,4,2.8078
2,1019,1035,5,4.5529
2,1016,1037,6,3.3608
2,1018,1037,6,3.4706
2,1022,1037,5,4.0510
2,1025,1038,4,2.6118
2,1031,1038,5,3.6627
2,1036,1039,8,6.5137
2,1037,1039,3,2.4353
2,1040,1041,7,4.0314
2,1035,1043,6,4.7098
2,1042,1043,2,1.3922
2,1030,1045,7,3.0510
2,1038,1046,5,3.2627
2,1035,1047,10,7.9294
2,1044,1047,2,1.5765
2,1048,1050,2,0.9569
2,1039,1052,6,4.4314
2,1040,1053,5,3.2353
2,1049,1054,2,1.3294
2,1050,1054,2,1.5255
2,1050,1055,2,1.3490
2,1051,1055,2,1.7725
2,1047,1057,4,2.1176
2,1054,1058,2,1.9294
2,1055,1058,2,1.7529
2,1034,1059,11,8.8431
2,1046,1060,6,4.2196
2,1056,1061,3,2.0000
2,1043,1062,7,6.4667
2,1062,1066,2,1.4706
2,1062,1067,3,2.0078
2,1063,1068,2,1.1294
2,1041,1069,9,6.5490
2,1061,1070,3,2.3961
2,1065,1070,5,4.4157
2,1060,1071,4,2.7725
2,1068,1071,7,4.5647
2,1068,1073,3,1.8627
2,1057,1075,9,4.6902
2,1072,1075,2,0.7843
2,1075,1077,3,2.3529
2,1064,1081,10,8.0471
2,1079,1082,2,1.1333
2,1080,1082,3,1.8980
2,1076,1083,3,1.7529
2,1071,1084,8,6.4784
2,1083,1085,5,3.4745
2,1081,1086,5,3.9020
2,1085,1087,2,1.3176
2,1074,1088,11,6.1961
2,1086,1088,2,1.4745
2,1082,1089,5,2.8745
2,1058,1090,15,12.0510
2,1057,1093,16,12.1529
2,1091,1094,2,1.7804
2,1088,1095,3,1.6275
2,1092,1096,2,1.2745
2,1089,1097,4,2.4784
2,1090,1098,5,2.9529
2,1094,1099,5,2.8275
2,1094,1100,5,2.5176
2,1099,1100,2,1.6392
2,1097,1101,4,3.4000
2,1096,1102,5,3.3255
2,1100,1105,3,1.7373
2,1102,1106,2,1.2863
2,1103,1107,2,1.1569
2,1104,1108,2,1.3137
2,1107,1108,2,1.5216
2,1099,1109,3,1.5490
2,1100,1109,3,1.2588
2,1107,1110,3,1.6510
2,1111,1112,4,2.7961
2,1078,1113,18,11.3373
2,1114,1114,9,4.9216
2,1114,1115,2,1.2941
2,1111,1116,2,1.1137
2,1112,1117,2,1.1608
2,1114,1118,2,0.9020
2,1115,1119,2,1.1686
2,1113,1120,4,2.6078
2,1120,1122,2,1.1216
2,1113,1123,5,2.5843
2,1120,1123,4,1.8471
2,1107,1124,9,6.8235
2,1108,1124,9,7.0039
2,1124,1125,4,2.2706
2,1124,1126,5,3.4980
2,1121,1127,6,4.0118
2,1124,1127,5,3.4078
2,1126,1127,2,1.8314
2,1126,1129,2,1.2353
2,1125,1131,3,2.6667
2,1126,1132,3,2.1843
2,1127,1132,3,2.0941
2,1133,1134,4,2.5569
2,1128,1135,4,2.1294
2,1135,1136,3,1.7020
2,1130,1138,3,2.2510
2,1134,1138,3,2.4078
2,1098,1139,18,14.3216
2,1137,1140,4,3.1686
2,1123,1141,10,6.3804
2,1140,1141,7,3.7922
2,1131,1142,5,2.8824
2,1140,1143,2,1.3529
2,1133,1144,5,3.7451
2,1125,1145,16,11.1059
2,1135,1146,5,3.7451
2,1141,1147,3,2.3882
2,1144,1148,2,1.0157
2,1142,1150,3,2.0392
2,1146,1150,9,6.7373
2,1144,1151,3,2.1255
2,1138,1152,6,3.5608
2,1146,1153,3,2.0745
2,1154,1154,9,4.4000
2,1149,1156,7,4.4902
2,1150,1156,3,1.6588
2,1154,1157,2,0.7569
2,1156,1160,3,1.8078
2,1158,1161,5,3.8196
2,1155,1162,4,2.4510
2,1161,1163,2,1.9294
2,1163,1164,3,1.9059
2,1162,1166,3,2.5020
2,1165,1166,4,1.8314
2,1159,1167,11,8.6157
2,1165,1167,2,0.8196
2,1162,1168,4,1.8431
2,1168,1169,5,2.9961
2,1171,1171,9,4.2706
2,1171,1172,2,1.1647
2,1171,1174,2,0.6824
2,1172,1175,2,1.5294
2,1158,1176,8,5.0549
2,1163,1178,5,3.8235
2,1177,1178,4,3.4667
2,1170,1179,4,3.2627
2,1173,1179,6,4.2824
2,1178,1180,3,1.6706
2,1167,1181,8,7.2353
2,1179,1181,4,2.8392
2,1181,1182,4,2.7961
2,1168,1183,13,10.0980
2,1184,1186,2,1.1529
2,1186,1186,10,5.9647
2,1187,1188,2,1.0078
2,1188,1188,9,4.9569
2,1189,1190,2,1.2196
2,1190,1192,2,1.2824
2,1185,1193,7,4.2627
2,1190,1193,4,3.0824
2,1193,1196,4,1.6706
2,1194,1197,4,2.2549
2,1196,1199,2,0.5059
2,1198,1199,3,1.3569
2,1196,1200,2,1.0706
2,1195,1201,3,1.8510
2,1197,1202,2,1.1569
2,1201,1202,6,3.8353
2,1197,1203,2,1.1412
2,1199,1204,2,0.6980
2,1200,1204,2,1.2627
2,1191,1205,7,4.6667
2,1205,1207,3,2.1176
2,1206,1207,2,1.2863
2,1201,1208,3,2.1373
2,1202,1209,3,1.7412
2,1208,1209,3,2.1216
2,1200,1210,4,2.9451
2,1207,1211,2,1.2824
2,1208,1212,2,0.9255
2,1209,1213,2,1.0549
2,1204,1214,4,1.3412
2,1210,1214,2,1.3843
2,1205,1215,5,3.0706
2,1210,1215,2,1.5373
2,1214,1216,2,1.2824
2,1215,1216,2,1.4353
2,1216,1218,5,3.0980
2,1219,1220,2,1.1529
2,1220,1221,2,1.0196
2,1222,1224,5,3.8549
2,1223,1225,3,2.1137
2,1224,1225,4,2.2902
2,1224,1230,5,2.7098
2,1225,1230,4,2.1765
2,1226,1231,3,2.0824
2,1229,1232,3,1.8235
2,1232,1232,9,4.8235
2,1217,1233,16,10.8941
2,1227,1233,4,2.4902
2,1228,1234,4,2.3804
2,1231,1235,6,3.7882
2,1233,1236,2,1.1765
2,1235,1237,3,2.1569
2,1230,1239,5,3.3765
2,1234,1240,3,1.7725
2,1236,1241,3,1.6275
2,1220,1242,13,6.8980
2,1240,1242,4,2.0863
2,1238,1243,5,3.5020
2,1243,1244,3,1.6118
2,1246,1247,3,1.6745
2,1247,1248,4,2.2431
2,1245,1249,5,3.7059
2,1234,1250,12,6.8588
2,1250,1251,3,1.5451
2,1247,1252,2,1.0745
2,1248,1253,5,2.6706
2,1249,1254,7,3.6627
2,1250,1255,2,0.8235
2,1236,1256,12,7.5059
2,1243,1257,7,5.3765
2,1253,1259,5,2.9020
2,1260,1260,8,3.9333
2,1260,1261,2,0.7922
2,1256,1262,5,3.3569
2,1257,1263,6,3.4863
2,1265,1265,9,4.1725
2,1263,1268,4,2.4902
2,1264,1268,2,1.3686
2,1267,1269,2,1.2314
2,1267,1270,2,1.2588
2,1262,1271,4,2.7765
2,1258,1272,7,4.3490
2,1271,1272,2,1.7686
2,1265,1273,3,1.6431
2,1268,1275,4,2.8157
2,1249,1276,13,9.5804
2,1266,1277,8,4.3020
2,1275,1278,2,1.9373
2,1275,1279,3,2.2863
2,1278,1279,3,2.3333
2,1271,1280,4,2.7137
2,1278,1282,2,1.4431
2,1278,1283,2,1.3098
2,1279,1283,2,0.6588
2,1279,1284,2,0.8549
2,1283,1286,2,0.4392
2,1272,1287,8,6.3098
2,1274,1287,5,2.7059
2,1276,1288,7,4.8863
2,1285,1288,3,1.8118
2,1277,1289,5,3.4314
2,1287,1290,3,1.4863
2,1290,1291,3,2.0784
2,1292,1292,10,5.1843
2,1292,1293,3,1.8627
2,1276,1294,9,5.9843
2,1288,1295,5,3.2118
2,1289,1296,5,3.9333
2,1296,1297,4,2.3608
2,1281,1298,13,8.4392
2,1294,1298,6,1.9137
2,1294,1299,2,1.4824
2,1295,1300,2,0.9020
2,1300,1301,4,2.2157
2,1270,1303,15,11.2941
2,1296,1304,7,4.0784
2,1295,1305,6,4.3725
2,1300,1305,5,3.1725
2,1303,1307,3,1.8510
2,1290,1308,10,6.9725
2,1308,1309,3,1.6784
2,1298,1310,7,5.3608
2,1306,1313,2,1.2706
2,1312,1313,4,2.4510
2,1303,1314,5,3.3255
2,1307,1314,5,2.5686
2,1305,1316,3,2.1529
2,1315,1316,3,2.6039
2,1312,1318,6,4.0824
2,1317,1318,2,1.4745
2,1313,1319,2,1.1412
2,1302,1320,9,5.3255
2,1316,1321,2,1.0000
2,1314,1322,3,1.8824
2,1321,1323,2,1.0157
2,1312,1324,4,2.4980
2,1318,1324,3,2.0863
2,1308,1325,5,3.8784
2,1311,1326,5,3.6039
2,1323,1327,2,1.3451
2,1324,1328,2,1.6863
2,1320,1329,4,2.1294
2,1325,1330,2,1.1765
2,1325,1331,2,1.1647
2,1326,1332,4,2.0471
2,1323,1333,3,2.3647
2,1324,1334,3,1.9490
2,1328,1334,3,1.9882
2,1328,1335,2,1.2196
2,1326,1337,4,2.5412
2,1332,1337,4,2.1020
2,1329,1341,5,3.1765
2,1340,1341,4,2.5490
2,1339,1342,2,1.2745
2,1307,1343,11,8.7176
2,1336,1343,7,4.5412
2,1332,1344,11,6.4471
2,1343,1346,3,1.9608
2,1337,1347,6,4.1843
2,1345,1347,4,2.0510
2,1342,1348,4,1.9529
2,1341,1349,5,2.8863
2,1338,1350,6,3.8627
2,1350,1352,2,1.5059
2,1350,1353,2,1.2784
2,1352,1354,2,1.0706
2,1353,1354,2,0.8431
2,1348,1355,4,1.9569
2,1321,1356,24,14.2980
2,1351,1356,3,2.5765
2,1352,1357,3,1.7451
2,1353,1358,5,2.5529
2,1347,1359,5,3.5647
2,1354,1363,3,1.1882
2,1358,1363,2,1.1294
2,1359,1364,3,2.1098
2,1359,1365,2,1.6235
2,1360,1367,2,0.7882
2,1361,1367,2,0.9373
2,1358,1369,3,1.8392
2,1363,1369,2,0.9647
2,1366,1370,2,1.4824
2,1362,1371,3,1.8431
2,1356,1373,5,4.6235
2,1371,1374,2,1.2392
2,1371,1375,3,2.0196
2,1368,1376,3,2.2000
2,1375,1376,4,2.4078
2,1372,1378,4,2.5882
2,1377,1378,5,2.6235
2,1370,1379,5,3.6314
2,1367,1380,4,2.6431
2,1373,1381,5,3.3490
2,1379,1382,2,1.3294
2,1380,1383,3,2.5490
2,1376,1384,3,2.4784
2,1385,1386,2,1.1529
2,1377,1387,3,1.5569
2,1380,1388,4,2.0706
2,1375,1389,4,2.4039
2,1384,1389,4,2.6941
2,1386,1390,2,0.9569
2,1373,1391,5,3.5490
2,1389,1392,2,0.9137
2,1384,1393,3,1.8863
2,1393,1394,3,1.7529
2,1369,1395,7,3.6863
2,1395,1396,2,0.7529
2,1390,1397,2,0.8431
2,1395,1398,2,0.8510
2,1388,1400,5,2.8196
2,1393,1401,3,1.8510
2,1399,1402,2,1.1725
2,1402,1403,2,1.2588
2,1400,1405,4,2.8941
2,1402,1408,6,3.4980
2,1404,1408,6,4.1529
2,1408,1410,3,1.6314
2,1412,1412,9,4.8745
2,1407,1413,6,4.9255
2,1409,1413,10,6.3216
2,1404,1415,15,11.6078
2,1414,1415,2,0.9647
2,1412,1416,3,1.9961
2,1414,1417,2,1.0941
2,1406,1418,9,5.8784
2,1413,1418,5,4.5765
2,1404,1423,12,9.0667
2,1420,1424,2,1.8667
2,1422,1425,2,1.2471
2,1423,1425,4,3.7569
2,1419,1426,6,3.6941
2,1417,1427,6,3.8275
2,1423,1427,4,2.5216
2,1418,1428,5,3.2549
2,1421,1431,6,3.8118
2,1426,1431,3,1.6667
2,1425,1432,4,2.5882
2,1429,1432,2,1.1922
2,1411,1433,11,7.0157
2,1430,1433,4,2.6588
2,1424,1436,5,2.5020
2,1427,1437,4,2.7804
2,1428,1438,4,2.0510
2,1426,1439,5,2.8745
2,1431,1439,3,1.6824
2,1437,1440,2,0.9647
2,1415,1441,11,7.6667
2,1433,1442,5,2.5922
2,1438,1442,4,2.1333
2,1428,1443,5,3.1569
2,1438,1443,3,2.3098
2,1436,1444,3,1.8784
2,1442,1445,2,1.0235
2,1439,1446,3,2.1255
2,1432,1447,5,2.8941
2,1441,1448,3,2.1373
2,1434,1450,7,4.9765
2,1443,1450,3,2.8431
2,1446,1451,2,1.1647
2,1446,1452,2,1.4667
2,1449,1453,3,1.9412
2,1454,1454,8,4.2941
2,1447,1455,4,2.5922
2,1447,1456,5,2.8588
2,1454,1457,2,1.1216
2,1450,1458,4,2.5529
2,1435,1459,8,4.7059
2,1460,1466,2,1.3098
2,1461,1466,2,1.2902
2,1462,1467,2,1.1922
2,1467,1467,10,5.2353
2,1459,1468,4,2.7333
2,1463,1469,2,1.5647
2,1464,1470,2,1.5647
2,1470,1470,9,4.5843
2,1453,1471,5,3.3922
2,1468,1472,3,2.6706
2,1469,1472,5,3.7176
2,1471,1473,2,1.6118
2,1468,1474,6,3.1451
2,1469,1474,5,3.1725
2,1472,1474,2,1.4549
2,1466,1476,4,2.5804
2,1465,1478,5,2.9176
2,1477,1479,2,1.6863
2,1459,1480,7,5.4353
2,1479,1480,3,2.2157
2,1478,1481,3,2.1804
2,1476,1482,3,1.9686
2,1481,1482,5,2.8196
2,1474,1483,4,3.0235
2,1478,1484,5,3.6196
2,1476,1486,6,3.2627
2,1486,1487,3,1.4588
2,1479,1488,4,2.3961
2,1480,1489,4,2.5490
2,1483,1489,8,6.6000
2,1469,1490,10,6.3373
2,1475,1491,6,4.6941
2,1486,1492,2,1.1608
2,1487,1492,3,1.6706
2,1490,1493,2,1.4471
2,1485,1494,3,1.4863
2,1490,1494,2,0.9412
2,1492,1495,2,1.1647
2,1492,1496,2,1.1647
2,1493,1497,2,1.0431
2,1493,1498,2,1.2000
2,1494,1498,2,0.6941
2,1483,1500,6,3.9294
2,1500,1501,4,1.7137
2,1498,1502,2,0.8706
2,1499,1503,2,1.2706
2,1503,1503,10,5.4039
2,1500,1504,2,0.9647
2,1491,1505,5,3.0196
2,1489,1507,10,5.6941
2,1506,1507,2,1.0863
2,1507,1509,3,1.6980
2,1505,1510,6,3.0706
2,1508,1511,4,3.0431
2,1511,1512,3,1.1137
2,1513,1513,9,4.6667
2,1513,1514,2,1.0353
2,1512,1515,5,2.7137
2,1515,1516,3,1.8863
2,1515,1517,2,0.9804
2,1518,1519,2,1.5176
2,1519,1520,5,3.1098
2,1520,1521,3,2.0706
