ImageNumber,ObjectNumber,Metadata_FileLocation,Metadata_Frame,Metadata_Series,Metadata_Site,Metadata_Site,Metadata_Well,Metadata_Well,Metadata_experiment,Metadata_fldr,Metadata_time,Metadata_time,Location_Center_X,Location_Center_Y,Number_Object_Number,Parent_ppltobj,Parent_protrusions
1,1,nan,0,0,3,3,C5,C5,170109,nan,0006,0006,1056.7826086956522,2.3913043478260869,1,1,7
1,2,nan,0,0,3,3,C5,C5,170109,nan,0006,0006,1081.5523255813953,19.796511627906977,2,1,9
1,3,nan,0,0,3,3,C5,C5,170109,nan,0006,0006,1047.7224669603524,19.004405286343612,3,1,16
1,4,nan,0,0,3,3,C5,C5,170109,nan,0006,0006,1087.0,9.8000000000000007,4,1,18
1,5,nan,0,0,3,3,C5,C5,170109,nan,0006,0006,1098.2119815668202,30.956221198156683,5,1,19
1,6,nan,0,0,3,3,C5,C5,170109,nan,0006,0006,1047.22,34.960000000000001,6,1,33
1,7,nan,0,0,3,3,C5,C5,170109,nan,0006,0006,1069.671052631579,35.460526315789473,7,1,34
1,8,nan,0,0,3,3,C5,C5,170109,nan,0006,0006,1058.972602739726,37.575342465753423,8,1,37
1,9,nan,0,0,3,3,C5,C5,170109,nan,0006,0006,1038.5666666666666,40.100000000000001,9,1,39
1,10,nan,0,0,3,3,C5,C5,170109,nan,0006,0006,1108.0588235294117,42.235294117647058,10,1,41
1,11,nan,0,0,3,3,C5,C5,170109,nan,0006,0006,1078.8064516129032,43.322580645161288,11,1,42
1,12,nan,0,0,3,3,C5,C5,170109,nan,0006,0006,1051.1176470588234,44.588235294117645,12,1,43
1,13,nan,0,0,3,3,C5,C5,170109,nan,0006,0006,1112.6230366492146,51.240837696335078,13,1,44
1,14,nan,0,0,3,3,C5,C5,170109,nan,0006,0006,1043.90625,46.28125,14,1,46
1,15,nan,0,0,3,3,C5,C5,170109,nan,0006,0006,1065.9000000000001,48.200000000000003,15,1,47
1,16,nan,0,0,3,3,C5,C5,170109,nan,0006,0006,1130.0540540540539,48.432432432432435,16,1,48
1,17,nan,0,0,3,3,C5,C5,170109,nan,0006,0006,1058.8521739130435,60.869565217391305,17,1,51
1,18,nan,0,0,3,3,C5,C5,170109,nan,0006,0006,1037.5,51.0,18,1,52
1,19,nan,0,0,3,3,C5,C5,170109,nan,0006,0006,1076.2764227642276,56.422764227642276,19,1,53
1,20,nan,0,0,3,3,C5,C5,170109,nan,0006,0006,1049.24,53.200000000000003,20,1,55
1,21,nan,0,0,3,3,C5,C5,170109,nan,0006,0006,1019.2972972972973,55.432432432432435,21,1,58
1,22,nan,0,0,3,3,C5,C5,170109,nan,0006,0006,1037.6714285714286,59.014285714285712,22,1,60
1,23,nan,0,0,3,3,C5,C5,170109,nan,0006,0006,1117.9605263157894,66.96052631578948,23,1,61
1,24,nan,0,0,3,3,C5,C5,170109,nan,0006,0006,1047.8035714285713,65.607142857142861,24,1,62
1,25,nan,0,0,3,3,C5,C5,170109,nan,0006,0006,1102.0,62.911764705882355,25,1,63
1,26,nan,0,0,3,3,C5,C5,170109,nan,0006,0006,961.39325842696633,68.544943820224717,26,1,64
1,27,nan,0,0,3,3,C5,C5,170109,nan,0006,0006,1036.7192307692308,91.07692307692308,27,1,65
1,28,nan,0,0,3,3,C5,C5,170109,nan,0006,0006,1069.659090909091,66.909090909090907,28,1,66
1,29,nan,0,0,3,3,C5,C5,170109,nan,0006,0006,1082.3823529411766,66.235294117647058,29,1,67
1,30,nan,0,0,3,3,C5,C5,170109,nan,0006,0006,1088.9860465116278,74.390697674418604,30,1,68
1,31,nan,0,0,3,3,C5,C5,170109,nan,0006,0006,989.17307692307691,68.442307692307693,31,1,70
1,32,nan,0,0,3,3,C5,C5,170109,nan,0006,0006,1001.3928571428571,69.464285714285708,32,1,71
1,33,nan,0,0,3,3,C5,C5,170109,nan,0006,0006,963.73684210526312,70.15789473684211,33,1,73
1,34,nan,0,0,3,3,C5,C5,170109,nan,0006,0006,977.4457831325301,73.843373493975903,34,1,75
1,35,nan,0,0,3,3,C5,C5,170109,nan,0006,0006,1109.0,73.0,35,1,77
1,36,nan,0,0,3,3,C5,C5,170109,nan,0006,0006,1011.8176100628931,86.635220125786162,36,1,78
1,37,nan,0,0,3,3,C5,C5,170109,nan,0006,0006,1062.5999999999999,73.549999999999997,37,1,79
1,38,nan,0,0,3,3,C5,C5,170109,nan,0006,0006,1032.050847457627,80.66101694915254,38,1,81
1,39,nan,0,0,3,3,C5,C5,170109,nan,0006,0006,1044.5319148936171,78.361702127659569,39,1,82
1,40,nan,0,0,3,3,C5,C5,170109,nan,0006,0006,995.89361702127655,80.0,40,1,86
1,41,nan,0,0,3,3,C5,C5,170109,nan,0006,0006,1063.6704545454545,84.352272727272734,41,1,89
1,42,nan,0,0,3,3,C5,C5,170109,nan,0006,0006,1077.0612903225806,92.303225806451607,42,1,91
1,43,nan,0,0,3,3,C5,C5,170109,nan,0006,0006,1104.0833333333333,83.5,43,1,93
1,44,nan,0,0,3,3,C5,C5,170109,nan,0006,0006,1053.3333333333333,82.333333333333329,44,1,96
1,45,nan,0,0,3,3,C5,C5,170109,nan,0006,0006,1003.15,87.049999999999997,45,1,98
1,46,nan,0,0,3,3,C5,C5,170109,nan,0006,0006,990.85714285714289,89.333333333333329,46,1,100
1,47,nan,0,0,3,3,C5,C5,170109,nan,0006,0006,1033.5,89.0,47,1,103
1,48,nan,0,0,3,3,C5,C5,170109,nan,0006,0006,1093.6111111111111,99.222222222222229,48,1,107
1,49,nan,0,0,3,3,C5,C5,170109,nan,0006,0006,1084.6315789473683,98.526315789473685,49,1,108
1,50,nan,0,0,3,3,C5,C5,170109,nan,0006,0006,1040.5999999999999,107.8,50,1,114
1,51,nan,0,0,3,3,C5,C5,170109,nan,0006,0006,1069.7218045112782,115.00751879699249,51,1,115
1,52,nan,0,0,3,3,C5,C5,170109,nan,0006,0006,1039.5,113.5,52,1,120
1,53,nan,0,0,3,3,C5,C5,170109,nan,0006,0006,1047.0625,116.03125,53,1,121
1,54,nan,0,0,3,3,C5,C5,170109,nan,0006,0006,1079.5,116.0,54,1,122
1,55,nan,0,0,3,3,C5,C5,170109,nan,0006,0006,1059.0,115.0,55,1,123
1,56,nan,0,0,3,3,C5,C5,170109,nan,0006,0006,1038.7333333333333,122.35555555555555,56,1,125
1,57,nan,0,0,3,3,C5,C5,170109,nan,0006,0006,1081.625,131.64285714285714,57,1,134
1,58,nan,0,0,3,3,C5,C5,170109,nan,0006,0006,96.264176117411608,176.63909272848565,58,2,137
1,59,nan,0,0,3,3,C5,C5,170109,nan,0006,0006,59.80952380952381,168.42857142857142,59,2,150
1,60,nan,0,0,3,3,C5,C5,170109,nan,0006,0006,100.36842105263158,166.73684210526315,60,2,151
1,61,nan,0,0,3,3,C5,C5,170109,nan,0006,0006,66.0,175.5,61,2,153
1,62,nan,0,0,3,3,C5,C5,170109,nan,0006,0006,52.46875,180.1875,62,2,155
1,63,nan,0,0,3,3,C5,C5,170109,nan,0006,0006,46.714285714285715,184.5,63,2,157
1,64,nan,0,0,3,3,C5,C5,170109,nan,0006,0006,68.889447236180899,198.2964824120603,64,2,158
1,65,nan,0,0,3,3,C5,C5,170109,nan,0006,0006,81.608695652173907,218.47826086956522,65,2,165
1,66,nan,0,0,3,3,C5,C5,170109,nan,0006,0006,62.767441860465119,222.97674418604652,66,2,168
1,67,nan,0,0,3,3,C5,C5,170109,nan,0006,0006,54.782608695652172,226.91304347826087,67,2,169
1,68,nan,0,0,3,3,C5,C5,170109,nan,0006,0006,47.727272727272727,229.04545454545453,68,2,172
1,69,nan,0,0,3,3,C5,C5,170109,nan,0006,0006,1015.4407894736842,340.36842105263156,69,3,234
1,70,nan,0,0,3,3,C5,C5,170109,nan,0006,0006,1029.5925925925926,337.81481481481484,70,3,237
1,71,nan,0,0,3,3,C5,C5,170109,nan,0006,0006,1049.943661971831,348.84507042253523,71,3,239
1,72,nan,0,0,3,3,C5,C5,170109,nan,0006,0006,1035.6142857142856,345.72857142857146,72,3,240
1,73,nan,0,0,3,3,C5,C5,170109,nan,0006,0006,1030.6776859504132,358.78512396694214,73,3,243
1,74,nan,0,0,3,3,C5,C5,170109,nan,0006,0006,1035.0,354.16666666666669,74,3,244
1,75,nan,0,0,3,3,C5,C5,170109,nan,0006,0006,1013.2777777777778,364.27777777777777,75,3,245
1,76,nan,0,0,3,3,C5,C5,170109,nan,0006,0006,1024.0,365.0,76,3,248
1,77,nan,0,0,3,3,C5,C5,170109,nan,0006,0006,1030.108695652174,375.41304347826087,77,3,254
1,78,nan,0,0,3,3,C5,C5,170109,nan,0006,0006,1024.0936254980079,399.38844621513942,78,3,259
1,79,nan,0,0,3,3,C5,C5,170109,nan,0006,0006,1163.4047619047619,446.25,79,4,281
1,80,nan,0,0,3,3,C5,C5,170109,nan,0006,0006,1170.9259259259259,452.59259259259261,80,4,288
1,81,nan,0,0,3,3,C5,C5,170109,nan,0006,0006,1153.7784810126582,460.48101265822783,81,4,289
1,82,nan,0,0,3,3,C5,C5,170109,nan,0006,0006,1207.1176470588234,462.58823529411762,82,4,292
1,83,nan,0,0,3,3,C5,C5,170109,nan,0006,0006,1146.0858585858587,486.15909090909093,83,4,294
1,84,nan,0,0,3,3,C5,C5,170109,nan,0006,0006,1176.5533834586465,483.08721804511276,84,4,295
1,85,nan,0,0,3,3,C5,C5,170109,nan,0006,0006,1203.4852941176471,476.29901960784315,85,4,299
1,86,nan,0,0,3,3,C5,C5,170109,nan,0006,0006,1216.6666666666667,478.125,86,4,308
1,87,nan,0,0,3,3,C5,C5,170109,nan,0006,0006,1150.75,492.8125,87,4,323
1,88,nan,0,0,3,3,C5,C5,170109,nan,0006,0006,1167.621212121212,505.18939393939394,88,4,326
1,89,nan,0,0,3,3,C5,C5,170109,nan,0006,0006,1203.9577804583837,521.02412545235222,89,5,327
1,90,nan,0,0,3,3,C5,C5,170109,nan,0006,0006,1152.1666666666667,500.0,90,4,331
1,91,nan,0,0,3,3,C5,C5,170109,nan,0006,0006,1183.9705882352941,509.14705882352939,91,4,344
1,92,nan,0,0,3,3,C5,C5,170109,nan,0006,0006,1033.3666666666666,509.36666666666667,92,6,346
1,93,nan,0,0,3,3,C5,C5,170109,nan,0006,0006,1054.4405940594058,526.58415841584156,93,6,355
1,94,nan,0,0,3,3,C5,C5,170109,nan,0006,0006,1159.5405405405406,521.78378378378375,94,5,356
1,95,nan,0,0,3,3,C5,C5,170109,nan,0006,0006,1033.7714285714285,522.54285714285709,95,6,362
1,96,nan,0,0,3,3,C5,C5,170109,nan,0006,0006,1175.875,523.33333333333337,96,5,363
1,97,nan,0,0,3,3,C5,C5,170109,nan,0006,0006,1018.3267326732673,530.20792079207922,97,6,368
1,98,nan,0,0,3,3,C5,C5,170109,nan,0006,0006,1168.2352941176471,529.0,98,5,369
1,99,nan,0,0,3,3,C5,C5,170109,nan,0006,0006,1048.9974489795918,548.6658163265306,99,6,372
1,100,nan,0,0,3,3,C5,C5,170109,nan,0006,0006,1033.4615384615386,530.15384615384619,100,6,374
1,101,nan,0,0,3,3,C5,C5,170109,nan,0006,0006,1059.6371308016878,543.14767932489451,101,6,375
1,102,nan,0,0,3,3,C5,C5,170109,nan,0006,0006,106.13094083414161,563.22017458777884,102,7,378
1,103,nan,0,0,3,3,C5,C5,170109,nan,0006,0006,161.51552795031057,548.21739130434787,103,7,380
1,104,nan,0,0,3,3,C5,C5,170109,nan,0006,0006,1004.016393442623,540.49180327868851,104,6,385
1,105,nan,0,0,3,3,C5,C5,170109,nan,0006,0006,1172.1538461538462,543.0,105,5,389
1,106,nan,0,0,3,3,C5,C5,170109,nan,0006,0006,1023.4647887323944,550.35211267605632,106,6,393
1,107,nan,0,0,3,3,C5,C5,170109,nan,0006,0006,87.172413793103445,550.41379310344826,107,7,395
1,108,nan,0,0,3,3,C5,C5,170109,nan,0006,0006,1158.0540540540539,548.32432432432438,108,5,396
1,109,nan,0,0,3,3,C5,C5,170109,nan,0006,0006,170.50539652745189,596.79446269357106,109,7,397
1,110,nan,0,0,3,3,C5,C5,170109,nan,0006,0006,1170.8850574712644,552.80459770114942,110,5,401
1,111,nan,0,0,3,3,C5,C5,170109,nan,0006,0006,1013.9487179487179,555.66666666666663,111,6,405
1,112,nan,0,0,3,3,C5,C5,170109,nan,0006,0006,1036.125,555.33333333333337,112,6,406
1,113,nan,0,0,3,3,C5,C5,170109,nan,0006,0006,1001.92,555.96000000000004,113,6,407
1,114,nan,0,0,3,3,C5,C5,170109,nan,0006,0006,1038.148148148148,568.74768518518522,114,6,409
1,115,nan,0,0,3,3,C5,C5,170109,nan,0006,0006,130.51219512195121,564.51219512195121,115,7,411
1,116,nan,0,0,3,3,C5,C5,170109,nan,0006,0006,1003.5,564.5,116,6,413
1,117,nan,0,0,3,3,C5,C5,170109,nan,0006,0006,139.94285714285715,567.91428571428571,117,7,417
1,118,nan,0,0,3,3,C5,C5,170109,nan,0006,0006,194.84615384615384,580.02564102564099,118,7,422
1,119,nan,0,0,3,3,C5,C5,170109,nan,0006,0006,1063.8389261744967,580.80536912751677,119,6,423
1,120,nan,0,0,3,3,C5,C5,170109,nan,0006,0006,1048.2857142857142,577.14285714285711,120,6,425
1,121,nan,0,0,3,3,C5,C5,170109,nan,0006,0006,138.50649350649351,586.98701298701303,121,7,427
1,122,nan,0,0,3,3,C5,C5,170109,nan,0006,0006,158.21538461538461,593.39999999999998,122,7,431
1,123,nan,0,0,3,3,C5,C5,170109,nan,0006,0006,1074.0,588.28571428571433,123,6,432
1,124,nan,0,0,3,3,C5,C5,170109,nan,0006,0006,1071.6363636363637,595.09090909090912,124,6,437
1,125,nan,0,0,3,3,C5,C5,170109,nan,0006,0006,1075.1538461538462,601.71794871794873,125,6,442
1,126,nan,0,0,3,3,C5,C5,170109,nan,0006,0006,166.0,620.28571428571433,126,7,456
1,127,nan,0,0,3,3,C5,C5,170109,nan,0006,0006,181.25925925925927,639.66666666666663,127,7,464
1,128,nan,0,0,3,3,C5,C5,170109,nan,0006,0006,225.49579831932772,647.78151260504205,128,7,466
1,129,nan,0,0,3,3,C5,C5,170109,nan,0006,0006,864.71084337349396,737.4457831325301,129,8,508
1,130,nan,0,0,3,3,C5,C5,170109,nan,0006,0006,826.32352941176475,740.23529411764707,130,8,510
1,131,nan,0,0,3,3,C5,C5,170109,nan,0006,0006,848.40170940170935,757.08717948717947,131,8,519
1,132,nan,0,0,3,3,C5,C5,170109,nan,0006,0006,857.39999999999998,748.24000000000001,132,8,521
1,133,nan,0,0,3,3,C5,C5,170109,nan,0006,0006,885.03674540682414,774.25721784776908,133,8,528
1,134,nan,0,0,3,3,C5,C5,170109,nan,0006,0006,811.06666666666672,762.39999999999998,134,8,535
1,135,nan,0,0,3,3,C5,C5,170109,nan,0006,0006,854.51836734693882,775.56734693877547,135,8,538
1,136,nan,0,0,3,3,C5,C5,170109,nan,0006,0006,876.0,764.71428571428567,136,8,539
1,137,nan,0,0,3,3,C5,C5,170109,nan,0006,0006,810.04761904761904,771.79365079365084,137,8,541
1,138,nan,0,0,3,3,C5,C5,170109,nan,0006,0006,831.95897435897439,778.44615384615383,138,8,545
1,139,nan,0,0,3,3,C5,C5,170109,nan,0006,0006,858.24045801526722,798.72137404580155,139,8,552
1,140,nan,0,0,3,3,C5,C5,170109,nan,0006,0006,835.07142857142856,791.64285714285711,140,8,554
1,141,nan,0,0,3,3,C5,C5,170109,nan,0006,0006,842.66666666666663,788.66666666666663,141,8,555
1,142,nan,0,0,3,3,C5,C5,170109,nan,0006,0006,874.86813186813185,807.41758241758237,142,8,562
1,143,nan,0,0,3,3,C5,C5,170109,nan,0006,0006,865.91176470588232,805.35294117647061,143,8,564
1,144,nan,0,0,3,3,C5,C5,170109,nan,0006,0006,268.0,885.17948717948718,144,9,620
1,145,nan,0,0,3,3,C5,C5,170109,nan,0006,0006,305.98356164383563,918.49041095890414,145,9,626
1,146,nan,0,0,3,3,C5,C5,170109,nan,0006,0006,277.64772727272725,911.86363636363637,146,9,632
1,147,nan,0,0,3,3,C5,C5,170109,nan,0006,0006,260.20689655172413,919.58620689655174,147,9,635
1,148,nan,0,0,3,3,C5,C5,170109,nan,0006,0006,290.67857142857144,924.78571428571433,148,9,639
1,149,nan,0,0,3,3,C5,C5,170109,nan,0006,0006,286.53870967741938,940.33548387096778,149,9,644
1,150,nan,0,0,3,3,C5,C5,170109,nan,0006,0006,253.63953488372093,932.73255813953483,150,9,646
1,151,nan,0,0,3,3,C5,C5,170109,nan,0006,0006,232.67171717171718,945.31313131313129,151,9,651
1,152,nan,0,0,3,3,C5,C5,170109,nan,0006,0006,254.40277777777777,943.20833333333337,152,9,652
1,153,nan,0,0,3,3,C5,C5,170109,nan,0006,0006,335.76190476190476,945.61904761904759,153,9,654
1,154,nan,0,0,3,3,C5,C5,170109,nan,0006,0006,308.52083333333331,947.58333333333337,154,9,657
1,155,nan,0,0,3,3,C5,C5,170109,nan,0006,0006,278.88235294117646,945.41176470588232,155,9,658
1,156,nan,0,0,3,3,C5,C5,170109,nan,0006,0006,323.0,947.91176470588232,156,9,659
1,157,nan,0,0,3,3,C5,C5,170109,nan,0006,0006,350.23529411764707,948.32352941176475,157,9,660
1,158,nan,0,0,3,3,C5,C5,170109,nan,0006,0006,269.90957446808511,955.65425531914889,158,9,662
1,159,nan,0,0,3,3,C5,C5,170109,nan,0006,0006,312.0,954.0,159,9,665
1,160,nan,0,0,3,3,C5,C5,170109,nan,0006,0006,305.77272727272725,960.65151515151513,160,9,666
1,161,nan,0,0,3,3,C5,C5,170109,nan,0006,0006,236.8125,960.52083333333337,161,9,667
1,162,nan,0,0,3,3,C5,C5,170109,nan,0006,0006,241.52173913043478,966.8608695652174,162,9,668
1,163,nan,0,0,3,3,C5,C5,170109,nan,0006,0006,289.00468384074941,976.10070257611244,163,9,669
1,164,nan,0,0,3,3,C5,C5,170109,nan,0006,0006,313.10000000000002,959.95000000000005,164,9,670
1,165,nan,0,0,3,3,C5,C5,170109,nan,0006,0006,259.63934426229508,963.49180327868851,165,9,671
1,166,nan,0,0,3,3,C5,C5,170109,nan,0006,0006,225.84848484848484,966.5454545454545,166,9,674
1,167,nan,0,0,3,3,C5,C5,170109,nan,0006,0006,315.89583333333331,971.875,167,9,675
1,168,nan,0,0,3,3,C5,C5,170109,nan,0006,0006,217.72727272727272,971.0454545454545,168,9,677
1,169,nan,0,0,3,3,C5,C5,170109,nan,0006,0006,264.11702127659572,974.31914893617022,169,9,679
1,170,nan,0,0,3,3,C5,C5,170109,nan,0006,0006,225.32142857142858,978.17857142857144,170,9,682
1,171,nan,0,0,3,3,C5,C5,170109,nan,0006,0006,233.20833333333334,979.125,171,9,683
1,172,nan,0,0,3,3,C5,C5,170109,nan,0006,0006,261.875,977.875,172,9,684
1,173,nan,0,0,3,3,C5,C5,170109,nan,0006,0006,261.19191919191917,992.74747474747471,173,9,686
1,174,nan,0,0,3,3,C5,C5,170109,nan,0006,0006,255.20833333333334,983.16666666666663,174,9,687
1,175,nan,0,0,3,3,C5,C5,170109,nan,0006,0006,266.1875,983.0625,175,9,691
1,176,nan,0,0,3,3,C5,C5,170109,nan,0006,0006,218.990099009901,987.32673267326732,176,9,692
1,177,nan,0,0,3,3,C5,C5,170109,nan,0006,0006,240.38461538461539,984.38461538461536,177,9,693
1,178,nan,0,0,3,3,C5,C5,170109,nan,0006,0006,315.94285714285712,987.65714285714284,178,9,694
1,179,nan,0,0,3,3,C5,C5,170109,nan,0006,0006,234.5,986.5,179,9,700
1,180,nan,0,0,3,3,C5,C5,170109,nan,0006,0006,314.90322580645159,996.45161290322585,180,9,703
1,181,nan,0,0,3,3,C5,C5,170109,nan,0006,0006,296.87341772151899,997.10126582278485,181,9,704
1,182,nan,0,0,3,3,C5,C5,170109,nan,0006,0006,278.81818181818181,1002.7272727272727,182,9,706
1,183,nan,0,0,3,3,C5,C5,170109,nan,0006,0006,248.10526315789474,1000.421052631579,183,9,707
1,184,nan,0,0,3,3,C5,C5,170109,nan,0006,0006,295.23684210526318,1006.9736842105264,184,9,710
1,185,nan,0,0,3,3,C5,C5,170109,nan,0006,0006,247.78021978021977,1007.3516483516484,185,9,711
1,186,nan,0,0,3,3,C5,C5,170109,nan,0006,0006,303.85714285714283,1011.1904761904761,186,9,715
1,187,nan,0,0,3,3,C5,C5,170109,nan,0006,0006,290.68571428571431,1019.5428571428571,187,9,719
1,188,nan,0,0,3,3,C5,C5,170109,nan,0006,0006,301.0,1019.8620689655172,188,9,720
2,1,nan,0,0,4,4,D1,D1,170109,nan,0008,0008,1008.9925373134329,211.30597014925374,1,1,109
2,2,nan,0,0,4,4,D1,D1,170109,nan,0008,0008,1044.8918604651162,237.08023255813953,2,1,113
2,3,nan,0,0,4,4,D1,D1,170109,nan,0008,0008,1006.6496815286624,227.343949044586,3,1,125
2,4,nan,0,0,4,4,D1,D1,170109,nan,0008,0008,1049.8214285714287,224.35714285714286,4,1,126
2,5,nan,0,0,4,4,D1,D1,170109,nan,0008,0008,1069.0,234.28571428571428,5,1,134
2,6,nan,0,0,4,4,D1,D1,170109,nan,0008,0008,1006.4207920792079,247.8910891089109,6,1,137
2,7,nan,0,0,4,4,D1,D1,170109,nan,0008,0008,1019.7432432432432,253.95945945945945,7,1,143
2,8,nan,0,0,4,4,D1,D1,170109,nan,0008,0008,1040.1785714285713,251.03571428571428,8,1,144
2,9,nan,0,0,4,4,D1,D1,170109,nan,0008,0008,1030.6545454545455,258.41818181818184,9,1,153
2,10,nan,0,0,4,4,D1,D1,170109,nan,0008,0008,1146.3225806451612,267.83870967741933,10,2,165
2,11,nan,0,0,4,4,D1,D1,170109,nan,0008,0008,1176.765625,279.89687500000002,11,2,167
2,12,nan,0,0,4,4,D1,D1,170109,nan,0008,0008,1124.7,271.83333333333331,12,2,168
2,13,nan,0,0,4,4,D1,D1,170109,nan,0008,0008,1144.7272727272727,275.68831168831167,13,2,170
2,14,nan,0,0,4,4,D1,D1,170109,nan,0008,0008,1157.1891891891892,272.7837837837838,14,2,172
2,15,nan,0,0,4,4,D1,D1,170109,nan,0008,0008,1112.1688311688313,277.09090909090907,15,2,174
2,16,nan,0,0,4,4,D1,D1,170109,nan,0008,0008,1131.0689655172414,282.67487684729065,16,2,176
2,17,nan,0,0,4,4,D1,D1,170109,nan,0008,0008,1170.0714285714287,288.10714285714283,17,2,182
2,18,nan,0,0,4,4,D1,D1,170109,nan,0008,0008,1158.8354430379748,299.0,18,2,183
2,19,nan,0,0,4,4,D1,D1,170109,nan,0008,0008,1164.2571428571428,293.45714285714286,19,2,187
2,20,nan,0,0,4,4,D1,D1,170109,nan,0008,0008,185.5,321.36666666666667,20,3,200
2,21,nan,0,0,4,4,D1,D1,170109,nan,0008,0008,187.78571428571428,331.35714285714283,21,3,204
2,22,nan,0,0,4,4,D1,D1,170109,nan,0008,0008,178.71052631578948,335.89473684210526,22,3,210
2,23,nan,0,0,4,4,D1,D1,170109,nan,0008,0008,778.97035573122525,368.44466403162056,23,4,211
2,24,nan,0,0,4,4,D1,D1,170109,nan,0008,0008,786.14765100671138,344.65771812080538,24,4,212
2,25,nan,0,0,4,4,D1,D1,170109,nan,0008,0008,169.83561643835617,343.76712328767121,25,3,213
2,26,nan,0,0,4,4,D1,D1,170109,nan,0008,0008,172.0864040660737,370.08132147395173,26,3,215
2,27,nan,0,0,4,4,D1,D1,170109,nan,0008,0008,180.0,343.5,27,3,216
2,28,nan,0,0,4,4,D1,D1,170109,nan,0008,0008,796.31428571428569,353.05714285714288,28,4,225
2,29,nan,0,0,4,4,D1,D1,170109,nan,0008,0008,793.5,363.88636363636363,29,4,227
2,30,nan,0,0,4,4,D1,D1,170109,nan,0008,0008,194.02970297029702,363.59405940594058,30,3,229
2,31,nan,0,0,4,4,D1,D1,170109,nan,0008,0008,203.79856115107913,375.27338129496405,31,3,231
2,32,nan,0,0,4,4,D1,D1,170109,nan,0008,0008,778.38461538461536,371.61538461538464,32,4,233
2,33,nan,0,0,4,4,D1,D1,170109,nan,0008,0008,151.74074074074073,373.44444444444446,33,3,234
2,34,nan,0,0,4,4,D1,D1,170109,nan,0008,0008,192.54117647058823,380.88235294117646,34,3,235
2,35,nan,0,0,4,4,D1,D1,170109,nan,0008,0008,159.11538461538461,374.23076923076923,35,3,237
2,36,nan,0,0,4,4,D1,D1,170109,nan,0008,0008,769.63157894736844,380.36842105263156,36,4,239
2,37,nan,0,0,4,4,D1,D1,170109,nan,0008,0008,797.71111111111111,384.15555555555557,37,4,242
2,38,nan,0,0,4,4,D1,D1,170109,nan,0008,0008,186.57342657342659,392.75524475524475,38,3,243
2,39,nan,0,0,4,4,D1,D1,170109,nan,0008,0008,790.0,384.25,39,4,245
2,40,nan,0,0,4,4,D1,D1,170109,nan,0008,0008,183.24324324324326,402.24324324324323,40,3,254
2,41,nan,0,0,4,4,D1,D1,170109,nan,0008,0008,167.58396946564886,409.18320610687022,41,3,256
2,42,nan,0,0,4,4,D1,D1,170109,nan,0008,0008,803.43804034582138,425.01440922190204,42,4,258
2,43,nan,0,0,4,4,D1,D1,170109,nan,0008,0008,190.88235294117646,407.41176470588238,43,3,260
2,44,nan,0,0,4,4,D1,D1,170109,nan,0008,0008,162.61538461538461,420.38461538461536,44,3,274
2,45,nan,0,0,4,4,D1,D1,170109,nan,0008,0008,212.75757575757575,500.18181818181819,45,5,318
2,46,nan,0,0,4,4,D1,D1,170109,nan,0008,0008,202.13043478260869,505.19565217391306,46,5,321
2,47,nan,0,0,4,4,D1,D1,170109,nan,0008,0008,181.5,511.21428571428572,47,5,327
2,48,nan,0,0,4,4,D1,D1,170109,nan,0008,0008,194.09677419354838,514.45161290322585,48,5,331
2,49,nan,0,0,4,4,D1,D1,170109,nan,0008,0008,193.45454545454547,530.41666666666663,49,5,332
2,50,nan,0,0,4,4,D1,D1,170109,nan,0008,0008,172.17241379310346,519.89655172413791,50,5,333
2,51,nan,0,0,4,4,D1,D1,170109,nan,0008,0008,165.81578947368422,526.34210526315792,51,5,335
2,52,nan,0,0,4,4,D1,D1,170109,nan,0008,0008,177.20754716981133,527.15094339622647,52,5,336
2,53,nan,0,0,4,4,D1,D1,170109,nan,0008,0008,869.0,533.12121212121212,53,6,342
2,54,nan,0,0,4,4,D1,D1,170109,nan,0008,0008,217.33193277310923,574.75910364145659,54,5,344
2,55,nan,0,0,4,4,D1,D1,170109,nan,0008,0008,166.0,535.5,55,5,346
2,56,nan,0,0,4,4,D1,D1,170109,nan,0008,0008,857.98275862068965,542.55172413793105,56,6,347
2,57,nan,0,0,4,4,D1,D1,170109,nan,0008,0008,195.25,542.25,57,5,348
2,58,nan,0,0,4,4,D1,D1,170109,nan,0008,0008,868.85000000000002,545.7166666666667,58,6,349
2,59,nan,0,0,4,4,D1,D1,170109,nan,0008,0008,906.79310344827582,567.40086206896547,59,6,351
2,60,nan,0,0,4,4,D1,D1,170109,nan,0008,0008,189.5609756097561,551.29268292682923,60,5,353
2,61,nan,0,0,4,4,D1,D1,170109,nan,0008,0008,668.41197183098586,561.42605633802816,61,7,355
2,62,nan,0,0,4,4,D1,D1,170109,nan,0008,0008,197.88275862068966,562.89655172413791,62,5,357
2,63,nan,0,0,4,4,D1,D1,170109,nan,0008,0008,923.98473282442751,561.52671755725191,63,6,360
2,64,nan,0,0,4,4,D1,D1,170109,nan,0008,0008,872.5,552.8125,64,6,363
2,65,nan,0,0,4,4,D1,D1,170109,nan,0008,0008,867.91666666666663,563.4545454545455,65,6,366
2,66,nan,0,0,4,4,D1,D1,170109,nan,0008,0008,236.9041095890411,560.42465753424653,66,5,367
2,67,nan,0,0,4,4,D1,D1,170109,nan,0008,0008,879.60869565217388,560.21739130434787,67,6,372
2,68,nan,0,0,4,4,D1,D1,170109,nan,0008,0008,856.34482758620686,561.82758620689651,68,6,373
2,69,nan,0,0,4,4,D1,D1,170109,nan,0008,0008,904.4545454545455,564.84848484848487,69,6,374
2,70,nan,0,0,4,4,D1,D1,170109,nan,0008,0008,885.60000000000002,564.70000000000005,70,6,375
2,71,nan,0,0,4,4,D1,D1,170109,nan,0008,0008,901.05371900826447,576.82644628099172,71,6,376
2,72,nan,0,0,4,4,D1,D1,170109,nan,0008,0008,936.59770114942523,586.0191570881226,72,6,377
2,73,nan,0,0,4,4,D1,D1,170109,nan,0008,0008,876.25,567.66666666666663,73,6,378
2,74,nan,0,0,4,4,D1,D1,170109,nan,0008,0008,879.37142857142862,575.76190476190482,74,6,379
2,75,nan,0,0,4,4,D1,D1,170109,nan,0008,0008,669.65957446808511,582.33510638297878,75,7,381
2,76,nan,0,0,4,4,D1,D1,170109,nan,0008,0008,688.7033492822967,586.99521531100481,76,7,382
2,77,nan,0,0,4,4,D1,D1,170109,nan,0008,0008,166.7605633802817,580.64788732394368,77,5,384
2,78,nan,0,0,4,4,D1,D1,170109,nan,0008,0008,197.0,582.18181818181813,78,5,389
2,79,nan,0,0,4,4,D1,D1,170109,nan,0008,0008,176.48717948717947,583.48717948717945,79,5,390
2,80,nan,0,0,4,4,D1,D1,170109,nan,0008,0008,206.23636363636365,587.14545454545453,80,5,391
2,81,nan,0,0,4,4,D1,D1,170109,nan,0008,0008,886.98113207547169,584.11320754716985,81,6,393
2,82,nan,0,0,4,4,D1,D1,170109,nan,0008,0008,866.13207547169816,586.75471698113211,82,6,394
2,83,nan,0,0,4,4,D1,D1,170109,nan,0008,0008,187.5625,585.40625,83,5,395
2,84,nan,0,0,4,4,D1,D1,170109,nan,0008,0008,875.04347826086962,585.95652173913038,84,6,396
2,85,nan,0,0,4,4,D1,D1,170109,nan,0008,0008,893.52252252252254,597.95495495495493,85,6,397
2,86,nan,0,0,4,4,D1,D1,170109,nan,0008,0008,197.41666666666666,595.7833333333333,86,5,398
2,87,nan,0,0,4,4,D1,D1,170109,nan,0008,0008,871.46938775510205,597.4591836734694,87,6,400
2,88,nan,0,0,4,4,D1,D1,170109,nan,0008,0008,900.36363636363637,591.90909090909088,88,6,401
2,89,nan,0,0,4,4,D1,D1,170109,nan,0008,0008,183.099173553719,598.91735537190084,89,5,402
2,90,nan,0,0,4,4,D1,D1,170109,nan,0008,0008,678.13157894736844,597.26315789473688,90,7,403
2,91,nan,0,0,4,4,D1,D1,170109,nan,0008,0008,667.06268656716418,606.97611940298509,91,7,405
2,92,nan,0,0,4,4,D1,D1,170109,nan,0008,0008,685.92307692307691,598.02564102564099,92,7,406
2,93,nan,0,0,4,4,D1,D1,170109,nan,0008,0008,906.08921933085503,609.47955390334573,93,6,409
2,94,nan,0,0,4,4,D1,D1,170109,nan,0008,0008,162.71972318339101,610.01038062283737,94,5,410
2,95,nan,0,0,4,4,D1,D1,170109,nan,0008,0008,242.77777777777777,605.5,95,5,411
2,96,nan,0,0,4,4,D1,D1,170109,nan,0008,0008,192.70270270270271,607.43243243243239,96,5,413
2,97,nan,0,0,4,4,D1,D1,170109,nan,0008,0008,644.69444444444446,608.72222222222217,97,7,414
2,98,nan,0,0,4,4,D1,D1,170109,nan,0008,0008,226.76744186046511,609.67441860465112,98,5,416
2,99,nan,0,0,4,4,D1,D1,170109,nan,0008,0008,872.72727272727275,610.60606060606062,99,6,417
2,100,nan,0,0,4,4,D1,D1,170109,nan,0008,0008,697.36734693877554,612.59183673469386,100,7,418
2,101,nan,0,0,4,4,D1,D1,170109,nan,0008,0008,236.35714285714286,611.21428571428567,101,5,419
2,102,nan,0,0,4,4,D1,D1,170109,nan,0008,0008,884.01123595505624,617.69662921348311,102,6,421
2,103,nan,0,0,4,4,D1,D1,170109,nan,0008,0008,638.32142857142856,614.42857142857144,103,7,422
2,104,nan,0,0,4,4,D1,D1,170109,nan,0008,0008,217.5,616.52777777777783,104,5,423
2,105,nan,0,0,4,4,D1,D1,170109,nan,0008,0008,681.95000000000005,615.60000000000002,105,7,425
2,106,nan,0,0,4,4,D1,D1,170109,nan,0008,0008,193.66666666666666,615.74074074074076,106,5,426
2,107,nan,0,0,4,4,D1,D1,170109,nan,0008,0008,226.44117647058823,622.08823529411768,107,5,427
2,108,nan,0,0,4,4,D1,D1,170109,nan,0008,0008,690.0,614.5,108,7,428
2,109,nan,0,0,4,4,D1,D1,170109,nan,0008,0008,876.28571428571433,618.0,109,6,431
2,110,nan,0,0,4,4,D1,D1,170109,nan,0008,0008,207.19999999999999,620.71428571428567,110,5,432
2,111,nan,0,0,4,4,D1,D1,170109,nan,0008,0008,661.82786885245901,622.36065573770497,111,7,433
2,112,nan,0,0,4,4,D1,D1,170109,nan,0008,0008,893.91428571428571,621.48571428571427,112,6,434
2,113,nan,0,0,4,4,D1,D1,170109,nan,0008,0008,196.36842105263159,627.35789473684213,113,5,436
2,114,nan,0,0,4,4,D1,D1,170109,nan,0008,0008,641.5797101449275,627.49275362318838,114,7,438
2,115,nan,0,0,4,4,D1,D1,170109,nan,0008,0008,681.28571428571433,622.5,115,7,439
2,116,nan,0,0,4,4,D1,D1,170109,nan,0008,0008,672.0,626.57142857142856,116,7,441
2,117,nan,0,0,4,4,D1,D1,170109,nan,0008,0008,650.0,630.39130434782612,117,7,444
2,118,nan,0,0,4,4,D1,D1,170109,nan,0008,0008,673.90598290598291,635.92307692307691,118,7,445
2,119,nan,0,0,4,4,D1,D1,170109,nan,0008,0008,659.67999999999995,633.63999999999999,119,7,448
2,120,nan,0,0,4,4,D1,D1,170109,nan,0008,0008,648.23000000000002,641.86000000000001,120,7,450
2,121,nan,0,0,4,4,D1,D1,170109,nan,0008,0008,635.68888888888887,641.11111111111109,121,7,453
2,122,nan,0,0,4,4,D1,D1,170109,nan,0008,0008,661.95121951219517,642.95121951219517,122,7,454
2,123,nan,0,0,4,4,D1,D1,170109,nan,0008,0008,201.0,645.5,123,5,456
2,124,nan,0,0,4,4,D1,D1,170109,nan,0008,0008,672.93203883495141,649.51456310679612,124,7,457
2,125,nan,0,0,4,4,D1,D1,170109,nan,0008,0008,655.51851851851848,648.40740740740739,125,7,458
2,126,nan,0,0,4,4,D1,D1,170109,nan,0008,0008,634.65375302663438,663.6464891041162,126,7,461
2,127,nan,0,0,4,4,D1,D1,170109,nan,0008,0008,416.03649635036498,662.42335766423355,127,8,464
2,128,nan,0,0,4,4,D1,D1,170109,nan,0008,0008,403.25433526011562,682.95953757225436,128,8,474
2,129,nan,0,0,4,4,D1,D1,170109,nan,0008,0008,429.77777777777777,670.13888888888891,129,8,475
2,130,nan,0,0,4,4,D1,D1,170109,nan,0008,0008,441.74157303370788,702.67865168539322,130,8,477
2,131,nan,0,0,4,4,D1,D1,170109,nan,0008,0008,418.13157894736844,679.71052631578948,131,8,479
2,132,nan,0,0,4,4,D1,D1,170109,nan,0008,0008,463.92182410423453,686.52442996742673,132,8,483
2,133,nan,0,0,4,4,D1,D1,170109,nan,0008,0008,430.15686274509807,681.01960784313724,133,8,484
2,134,nan,0,0,4,4,D1,D1,170109,nan,0008,0008,416.0,693.6241134751773,134,8,486
2,135,nan,0,0,4,4,D1,D1,170109,nan,0008,0008,386.73825503355704,695.18120805369131,135,8,489
2,136,nan,0,0,4,4,D1,D1,170109,nan,0008,0008,449.5,694.28571428571433,136,8,497
2,137,nan,0,0,4,4,D1,D1,170109,nan,0008,0008,401.86238532110093,705.25688073394497,137,8,498
2,138,nan,0,0,4,4,D1,D1,170109,nan,0008,0008,394.09090909090907,699.90909090909088,138,8,499
2,139,nan,0,0,4,4,D1,D1,170109,nan,0008,0008,453.20833333333331,702.75,139,8,500
2,140,nan,0,0,4,4,D1,D1,170109,nan,0008,0008,371.89830508474574,703.13559322033893,140,8,501
2,141,nan,0,0,4,4,D1,D1,170109,nan,0008,0008,1006.26,713.89999999999998,141,9,506
2,142,nan,0,0,4,4,D1,D1,170109,nan,0008,0008,421.40845070422534,711.94366197183103,142,8,507
2,143,nan,0,0,4,4,D1,D1,170109,nan,0008,0008,462.42424242424244,709.969696969697,143,8,508
2,144,nan,0,0,4,4,D1,D1,170109,nan,0008,0008,395.08974358974359,731.59615384615381,144,8,515
2,145,nan,0,0,4,4,D1,D1,170109,nan,0008,0008,431.94,716.62,145,8,516
2,146,nan,0,0,4,4,D1,D1,170109,nan,0008,0008,414.5,722.49180327868851,146,8,521
2,147,nan,0,0,4,4,D1,D1,170109,nan,0008,0008,1019.875,740.28804347826087,147,9,524
2,148,nan,0,0,4,4,D1,D1,170109,nan,0008,0008,436.12903225806451,724.51612903225805,148,8,525
2,149,nan,0,0,4,4,D1,D1,170109,nan,0008,0008,425.10416666666669,729.47916666666663,149,8,527
2,150,nan,0,0,4,4,D1,D1,170109,nan,0008,0008,402.38095238095241,731.83333333333337,150,8,533
2,151,nan,0,0,4,4,D1,D1,170109,nan,0008,0008,431.5,731.79166666666663,151,8,534
2,152,nan,0,0,4,4,D1,D1,170109,nan,0008,0008,439.030303030303,737.12121212121212,152,8,538
2,153,nan,0,0,4,4,D1,D1,170109,nan,0008,0008,987.81494661921704,748.14590747330965,153,9,539
2,154,nan,0,0,4,4,D1,D1,170109,nan,0008,0008,418.35714285714283,737.53571428571433,154,8,540
2,155,nan,0,0,4,4,D1,D1,170109,nan,0008,0008,1033.3684210526317,749.92982456140351,155,9,547
2,156,nan,0,0,4,4,D1,D1,170109,nan,0008,0008,1005.5294117647059,754.35294117647061,156,9,549
2,157,nan,0,0,4,4,D1,D1,170109,nan,0008,0008,969.41269841269843,763.3730158730159,157,9,550
2,158,nan,0,0,4,4,D1,D1,170109,nan,0008,0008,1021.0505050505051,760.68686868686871,158,9,552
2,159,nan,0,0,4,4,D1,D1,170109,nan,0008,0008,1008.1538461538462,760.53846153846155,159,9,556
2,160,nan,0,0,4,4,D1,D1,170109,nan,0008,0008,738.75999999999999,853.79999999999995,160,10,632
2,161,nan,0,0,4,4,D1,D1,170109,nan,0008,0008,762.75362318840575,861.5,161,10,633
2,162,nan,0,0,4,4,D1,D1,170109,nan,0008,0008,747.48148148148152,856.88888888888891,162,10,634
2,163,nan,0,0,4,4,D1,D1,170109,nan,0008,0008,737.58695652173913,862.95652173913038,163,10,639
2,164,nan,0,0,4,4,D1,D1,170109,nan,0008,0008,756.06666666666672,870.06666666666672,164,10,641
2,165,nan,0,0,4,4,D1,D1,170109,nan,0008,0008,741.92280701754385,896.14736842105265,165,10,644
2,166,nan,0,0,4,4,D1,D1,170109,nan,0008,0008,770.41176470588232,874.11764705882354,166,10,645
2,167,nan,0,0,4,4,D1,D1,170109,nan,0008,0008,771.7348484848485,884.93181818181813,167,10,646
2,168,nan,0,0,4,4,D1,D1,170109,nan,0008,0008,752.69354838709683,880.35483870967744,168,10,647
2,169,nan,0,0,4,4,D1,D1,170109,nan,0008,0008,782.60975609756099,883.51219512195121,169,10,652
2,170,nan,0,0,4,4,D1,D1,170109,nan,0008,0008,797.71428571428567,885.21428571428567,170,10,654
2,171,nan,0,0,4,4,D1,D1,170109,nan,0008,0008,791.39285714285711,886.35714285714289,171,10,655
2,172,nan,0,0,4,4,D1,D1,170109,nan,0008,0008,722.98275862068965,897.85344827586209,172,10,656
2,173,nan,0,0,4,4,D1,D1,170109,nan,0008,0008,759.5,886.5,173,10,657
2,174,nan,0,0,4,4,D1,D1,170109,nan,0008,0008,773.29069767441865,914.93953488372097,174,10,660
2,175,nan,0,0,4,4,D1,D1,170109,nan,0008,0008,753.71111111111111,893.20000000000005,175,10,661
2,176,nan,0,0,4,4,D1,D1,170109,nan,0008,0008,742.5,893.5,176,10,662
2,177,nan,0,0,4,4,D1,D1,170109,nan,0008,0008,775.63157894736844,896.26315789473688,177,10,663
2,178,nan,0,0,4,4,D1,D1,170109,nan,0008,0008,751.5,899.57692307692309,178,10,666
2,179,nan,0,0,4,4,D1,D1,170109,nan,0008,0008,786.56565656565658,907.19191919191917,179,10,667
2,180,nan,0,0,4,4,D1,D1,170109,nan,0008,0008,819.11377245508982,915.02994011976045,180,10,668
2,181,nan,0,0,4,4,D1,D1,170109,nan,0008,0008,738.53571428571433,910.89285714285711,181,10,673
2,182,nan,0,0,4,4,D1,D1,170109,nan,0008,0008,802.66666666666663,920.68965517241384,182,10,675
2,183,nan,0,0,4,4,D1,D1,170109,nan,0008,0008,811.27777777777783,917.11111111111109,183,10,680
2,184,nan,0,0,4,4,D1,D1,170109,nan,0008,0008,793.36065573770497,919.09836065573768,184,10,681
2,185,nan,0,0,4,4,D1,D1,170109,nan,0008,0008,761.726618705036,926.94244604316543,185,10,682
2,186,nan,0,0,4,4,D1,D1,170109,nan,0008,0008,811.34177215189868,931.62025316455697,186,10,683
2,187,nan,0,0,4,4,D1,D1,170109,nan,0008,0008,776.64864864864865,928.59459459459458,187,10,686
2,188,nan,0,0,4,4,D1,D1,170109,nan,0008,0008,828.41176470588232,930.11764705882354,188,10,688
2,189,nan,0,0,4,4,D1,D1,170109,nan,0008,0008,822.20000000000005,933.0,189,10,691
2,190,nan,0,0,4,4,D1,D1,170109,nan,0008,0008,779.30985915492954,941.23943661971828,190,10,693
2,191,nan,0,0,4,4,D1,D1,170109,nan,0008,0008,803.87012987012986,938.74025974025972,191,10,694
2,192,nan,0,0,4,4,D1,D1,170109,nan,0008,0008,773.0,937.0,192,10,695
2,193,nan,0,0,4,4,D1,D1,170109,nan,0008,0008,834.5,937.5,193,10,696
2,194,nan,0,0,4,4,D1,D1,170109,nan,0008,0008,821.78260869565213,939.08695652173913,194,10,697
2,195,nan,0,0,4,4,D1,D1,170109,nan,0008,0008,762.75,940.25,195,10,698
2,196,nan,0,0,4,4,D1,D1,170109,nan,0008,0008,838.32312925170072,953.20408163265301,196,10,702
2,197,nan,0,0,4,4,D1,D1,170109,nan,0008,0008,787.3937007874016,955.93307086614175,197,10,703
2,198,nan,0,0,4,4,D1,D1,170109,nan,0008,0008,770.23529411764707,947.23529411764707,198,10,704
2,199,nan,0,0,4,4,D1,D1,170109,nan,0008,0008,811.5333333333333,948.13333333333333,199,10,706
2,200,nan,0,0,4,4,D1,D1,170109,nan,0008,0008,817.82608695652175,949.73913043478262,200,10,708
2,201,nan,0,0,4,4,D1,D1,170109,nan,0008,0008,822.7532467532468,958.20779220779218,201,10,713
2,202,nan,0,0,4,4,D1,D1,170109,nan,0008,0008,811.91176470588232,957.82352941176475,202,10,716
2,203,nan,0,0,4,4,D1,D1,170109,nan,0008,0008,805.48648648648646,972.64527027027032,203,10,721
2,204,nan,0,0,4,4,D1,D1,170109,nan,0008,0008,864.0,968.60975609756099,204,10,726
2,205,nan,0,0,4,4,D1,D1,170109,nan,0008,0008,773.5,966.5,205,10,728
2,206,nan,0,0,4,4,D1,D1,170109,nan,0008,0008,847.72500000000002,972.76666666666665,206,10,731
2,207,nan,0,0,4,4,D1,D1,170109,nan,0008,0008,779.67857142857144,971.42857142857144,207,10,733
2,208,nan,0,0,4,4,D1,D1,170109,nan,0008,0008,824.29999999999995,970.89999999999998,208,10,734
2,209,nan,0,0,4,4,D1,D1,170109,nan,0008,0008,787.0,973.28571428571433,209,10,736
2,210,nan,0,0,4,4,D1,D1,170109,nan,0008,0008,831.26229508196718,979.21311475409834,210,10,737
2,211,nan,0,0,4,4,D1,D1,170109,nan,0008,0008,790.11111111111109,978.94444444444446,211,10,741
2,212,nan,0,0,4,4,D1,D1,170109,nan,0008,0008,840.92592592592598,982.18518518518522,212,10,745
2,213,nan,0,0,4,4,D1,D1,170109,nan,0008,0008,826.0,981.28571428571433,213,10,747
2,214,nan,0,0,4,4,D1,D1,170109,nan,0008,0008,857.90476190476193,987.50793650793651,214,10,748
2,215,nan,0,0,4,4,D1,D1,170109,nan,0008,0008,853.0,983.71428571428567,215,10,749
2,216,nan,0,0,4,4,D1,D1,170109,nan,0008,0008,867.0,984.0,216,10,750
2,217,nan,0,0,4,4,D1,D1,170109,nan,0008,0008,840.09090909090912,991.09090909090912,217,10,757
2,218,nan,0,0,4,4,D1,D1,170109,nan,0008,0008,831.78947368421052,993.42105263157896,218,10,759
2,219,nan,0,0,4,4,D1,D1,170109,nan,0008,0008,849.65957446808511,1001.531914893617,219,10,762
