,161212_Inhibitors_A1_1.csv,161212_Inhibitors_A1_2.csv,161212_Inhibitors_A1_3.csv,161212_Inhibitors_A1_4.csv,161212_Inhibitors_A2_1.csv,161212_Inhibitors_A2_2.csv,161212_Inhibitors_A2_3.csv,161212_Inhibitors_A2_4.csv,161212_Inhibitors_A3_1.csv,161212_Inhibitors_A3_2.csv,161212_Inhibitors_A3_3.csv,161212_Inhibitors_A3_4.csv,161212_Inhibitors_A4_1.csv,161212_Inhibitors_A4_2.csv,161212_Inhibitors_A4_3.csv,161212_Inhibitors_A4_4.csv,161212_Inhibitors_A5_1.csv,161212_Inhibitors_A5_2.csv,161212_Inhibitors_A5_3.csv,161212_Inhibitors_A5_4.csv,161212_Inhibitors_A6_1.csv,161212_Inhibitors_A6_2.csv,161212_Inhibitors_A6_3.csv,161212_Inhibitors_A6_4.csv,161212_Inhibitors_B1_1.csv,161212_Inhibitors_B1_2.csv,161212_Inhibitors_B1_3.csv,161212_Inhibitors_B1_4.csv,161212_Inhibitors_B2_1.csv,161212_Inhibitors_B2_2.csv,161212_Inhibitors_B2_3.csv,161212_Inhibitors_B2_4.csv,161212_Inhibitors_B3_1.csv,161212_Inhibitors_B3_2.csv,161212_Inhibitors_B3_3.csv,161212_Inhibitors_B3_4.csv,161212_Inhibitors_B4_1.csv,161212_Inhibitors_B4_2.csv,161212_Inhibitors_B4_3.csv,161212_Inhibitors_B4_4.csv,161212_Inhibitors_B5_1.csv,161212_Inhibitors_B5_2.csv,161212_Inhibitors_B5_3.csv,161212_Inhibitors_B5_4.csv,161212_Inhibitors_B6_1.csv,161212_Inhibitors_B6_2.csv,161212_Inhibitors_B6_3.csv,161212_Inhibitors_B6_4.csv,161212_Inhibitors_C1_1.csv,161212_Inhibitors_C1_2.csv,161212_Inhibitors_C1_3.csv,161212_Inhibitors_C1_4.csv,161212_Inhibitors_C2_1.csv,161212_Inhibitors_C2_2.csv,161212_Inhibitors_C2_3.csv,161212_Inhibitors_C2_4.csv,161212_Inhibitors_C3_1.csv,161212_Inhibitors_C3_2.csv,161212_Inhibitors_C3_3.csv,161212_Inhibitors_C3_4.csv,161212_Inhibitors_C4_1.csv,161212_Inhibitors_C4_2.csv,161212_Inhibitors_C4_3.csv,161212_Inhibitors_C4_4.csv,161212_Inhibitors_D1_1.csv,161212_Inhibitors_D1_2.csv,161212_Inhibitors_D1_3.csv,161212_Inhibitors_D1_4.csv,161212_Inhibitors_D2_1.csv,161212_Inhibitors_D2_2.csv,161212_Inhibitors_D2_3.csv,161212_Inhibitors_D2_4.csv,161212_Inhibitors_D3_1.csv,161212_Inhibitors_D3_2.csv,161212_Inhibitors_D3_3.csv,161212_Inhibitors_D3_4.csv,161212_Inhibitors_D4_1.csv,161212_Inhibitors_D4_2.csv,161212_Inhibitors_D4_3.csv,161212_Inhibitors_D4_4.csv,161212_Inhibitors_D5_1.csv,161212_Inhibitors_D5_2.csv,161212_Inhibitors_D5_3.csv,161212_Inhibitors_D5_4.csv,161212_Inhibitors_D6_1.csv,161212_Inhibitors_D6_2.csv,161212_Inhibitors_D6_3.csv,161212_Inhibitors_D6_4.csv
1,0.09375,0.1,0.05333333333333334,0.09615384615384616,0.2361111111111111,0.5972222222222222,0.15942028985507245,0.2075471698113208,0.06578947368421052,0.1917808219178082,0.2080536912751678,0.19444444444444445,0.12371134020618554,0.203125,0.13953488372093026,0.14285714285714285,0.13636363636363635,0.3333333333333333,0.14049586776859505,0.2272727272727273,0.13592233009708735,0.16666666666666666,0.11842105263157895,0.16346153846153846,0.24242424242424246,0.375,0.4736842105263158,0.10714285714285714,0.21978021978021975,0.5306122448979592,0.1346153846153846,0.18803418803418806,0.16129032258064516,0.5673076923076923,0.12162162162162166,0.1702127659574468,0.09574468085106384,0.11650485436893206,0.09836065573770493,0.12264150943396225,0.1559633027522936,0.1595744680851064,0.16455696202531644,0.1282051282051282,0.19491525423728812,0.5393258426966292,0.18382352941176472,0.2647058823529412,0.1780821917808219,0.30526315789473685,0.1103448275862069,0.13725490196078433,0.18446601941747573,0.24719101123595505,0.1554054054054054,0.11643835616438356,0.23376623376623376,0.2435897435897436,0.13114754098360654,0.1411764705882353,0.15841584158415842,0.16161616161616166,0.0896551724137931,0.17777777777777778,0.20212765957446807,0.2619047619047619,0.15862068965517245,0.18811881188118806,0.2380952380952381,0.68,0.11811023622047245,0.43478260869565216,0.14130434782608695,0.22826086956521735,0.171875,0.10377358490566037,0.16494845360824742,0.6086956521739131,0.059701492537313425,0.26495726495726496,0.1951219512195122,0.24210526315789474,0.12658227848101267,0.27472527472527475,0.2073170731707317,0.19718309859154928,0.12903225806451613,0.14772727272727273
2,0.125,0.0963855421686747,0.09322033898305083,0.10714285714285714,0.34177215189873417,0.5675675675675675,0.17777777777777778,0.30927835051546393,0.1282051282051282,0.2727272727272727,0.1958041958041958,0.2,0.07563025210084033,0.21428571428571427,0.08823529411764706,0.19791666666666666,0.10256410256410256,0.3488372093023256,0.2018348623853211,0.2,0.2346938775510204,0.19753086419753085,0.2328767123287671,0.2233009708737864,0.36585365853658536,0.4,0.38461538461538464,0.3333333333333333,0.28125,0.6597938144329897,0.1111111111111111,0.21495327102803735,0.24242424242424246,0.532258064516129,0.18,0.19402985074626866,0.09090909090909093,0.14563106796116504,0.14166666666666666,0.1651376146788991,0.17699115044247787,0.22826086956521735,0.17880794701986755,0.15789473684210525,0.33093525179856115,0.5294117647058824,0.2808219178082192,0.3636363636363637,0.2328767123287671,0.3118279569892473,0.15483870967741936,0.17647058823529413,0.2037037037037037,0.37777777777777777,0.15976331360946747,0.20134228187919465,0.2,0.3181818181818182,0.17094017094017094,0.2298850574712644,0.18269230769230768,0.19230769230769232,0.14583333333333334,0.21323529411764705,0.3884892086330936,0.28735632183908044,0.2447552447552448,0.3656716417910448,0.2839506172839506,0.5949367088607594,0.17293233082706766,0.5272727272727272,0.17582417582417584,0.32558139534883723,0.2330827067669173,0.20909090909090908,0.1782178217821782,0.5909090909090909,0.15441176470588236,0.2558139534883721,0.27058823529411763,0.18478260869565216,0.15942028985507245,0.20618556701030927,0.2159090909090909,0.21311475409836064,0.2,0.21212121212121213
3,0.15714285714285714,0.07058823529411765,0.075,0.08064516129032258,0.3188405797101449,0.5432098765432098,0.28169014084507044,0.3592233009708738,0.2692307692307692,0.3205128205128205,0.2733812949640288,0.3157894736842105,0.11206896551724138,0.2125,0.07368421052631577,0.15463917525773194,0.11842105263157895,0.3043478260869565,0.24778761061946905,0.2307692307692308,0.2906976744186047,0.25,0.19696969696969696,0.35185185185185186,0.4838709677419355,0.44,0.4545454545454545,0.37777777777777777,0.31521739130434784,0.5841584158415841,0.22085889570552147,0.27102803738317754,0.3111111111111111,0.6039603960396039,0.23129251700680276,0.28346456692913385,0.13,0.25773195876288657,0.2631578947368421,0.2692307692307692,0.2018348623853211,0.21649484536082475,0.2317880794701987,0.1926605504587156,0.7774294670846394,0.5894736842105263,0.7444444444444445,0.7248062015503876,0.2714285714285714,0.3473684210526316,0.1895424836601307,0.2376237623762376,0.2641509433962264,0.28735632183908044,0.23493975903614456,0.23448275862068965,0.21621621621621626,0.1728395061728395,0.22123893805309736,0.21686746987951808,0.20388349514563106,0.24468085106382975,0.14965986394557826,0.2116788321167883,0.6039603960396039,0.4158415841584158,0.35714285714285715,0.5748502994011976,0.34177215189873417,0.647887323943662,0.24817518248175185,0.5619047619047619,0.28125,0.3333333333333333,0.3636363636363637,0.31683168316831684,0.1619047619047619,0.6329113924050633,0.11267605633802814,0.3145161290322581,0.2948717948717949,0.2298850574712644,0.29577464788732394,0.24468085106382975,0.32989690721649484,0.2459016393442623,0.2888888888888889,0.27102803738317754
4,0.16176470588235295,0.10112359550561796,0.07258064516129033,0.08771929824561403,0.4415584415584416,0.5256410256410257,0.3194444444444444,0.4020618556701031,0.21333333333333332,0.36781609195402293,0.2805755395683453,0.405940594059406,0.13559322033898305,0.23376623376623376,0.07216494845360824,0.1595744680851064,0.1927710843373494,0.32558139534883723,0.18487394957983194,0.3157894736842105,0.30952380952380953,0.18666666666666668,0.14754098360655735,0.3220338983050847,0.3207547169811321,0.5142857142857142,0.5882352941176471,0.5192307692307693,0.3068181818181818,0.5531914893617021,0.2576687116564417,0.2647058823529412,0.4301075268817205,0.5887850467289719,0.1891891891891892,0.32231404958677684,0.1836734693877551,0.17525773195876287,0.2377049180327869,0.27,0.2543859649122807,0.2717391304347826,0.2532467532467532,0.26548672566371684,0.8385650224215246,0.6483516483516484,0.8115671641791045,0.7972222222222223,0.2028985507246377,0.40625,0.2679738562091503,0.25806451612903225,0.35714285714285715,0.3522727272727273,0.20915032679738566,0.34057971014492755,0.25675675675675674,0.2307692307692308,0.2672413793103448,0.23376623376623376,0.2761904761904762,0.2871287128712871,0.16551724137931034,0.24817518248175185,0.5670103092783505,0.37735849056603776,0.375,0.5523255813953488,0.2987012987012987,0.6666666666666666,0.2535211267605634,0.5535714285714286,0.26262626262626265,0.3977272727272727,0.3145161290322581,0.29411764705882354,0.4931506849315068,0.7215189873417721,0.12857142857142856,0.288135593220339,0.25925925925925924,0.3625,0.2794117647058824,0.2826086956521739,0.3409090909090909,0.2727272727272727,0.28,0.2905982905982906
5,0.16666666666666666,0.08695652173913042,0.07627118644067797,0.15254237288135594,0.3684210526315789,0.5679012345679012,0.3146853146853147,0.3917525773195876,0.3150684931506849,0.3956043956043956,0.3857142857142857,0.37373737373737376,0.08849557522123894,0.1917808219178082,0.13978494623655913,0.14606741573033707,0.19753086419753085,0.3404255319148936,0.2540983606557377,0.29347826086956524,0.3205128205128205,0.28,0.19672131147540986,0.37142857142857133,0.3636363636363637,0.4615384615384616,0.5128205128205128,0.5,0.44680851063829785,0.6808510638297872,0.3567251461988304,0.3490566037735849,0.39130434782608703,0.6,0.2857142857142857,0.38461538461538464,0.21875,0.21,0.2352941176470588,0.19607843137254904,0.2807017543859649,0.2921348314606741,0.2738853503184713,0.3189655172413793,0.8141176470588235,0.6354166666666666,0.8242280285035629,0.8258258258258259,0.35714285714285715,0.40384615384615385,0.19607843137254904,0.22916666666666666,0.3793103448275862,0.3406593406593407,0.2484076433121019,0.3333333333333333,0.27631578947368424,0.2857142857142857,0.2456140350877193,0.2692307692307692,0.2523364485981308,0.29,0.1793103448275862,0.3037037037037037,0.6456310679611651,0.5431034482758621,0.4,0.5819209039548022,0.34177215189873417,0.7307692307692307,0.2962962962962963,0.6548672566371682,0.3020833333333333,0.3953488372093023,0.4032258064516129,0.4105263157894737,0.5978260869565217,0.8434782608695652,0.32934131736526945,0.5034013605442177,0.34523809523809523,0.3287671232876712,0.3114754098360656,0.2571428571428571,0.3578947368421053,0.4444444444444444,0.32608695652173914,0.25619834710743805
6,0.140625,0.08695652173913042,0.10526315789473684,0.14285714285714285,0.4078947368421053,0.5869565217391305,0.3597122302158273,0.4086021505376344,0.35135135135135137,0.4074074074074074,0.3401360544217687,0.405940594059406,0.14285714285714285,0.32857142857142857,0.07291666666666667,0.13636363636363635,0.2023809523809524,0.32,0.2672413793103448,0.3,0.32857142857142857,0.29850746268656714,0.18461538461538465,0.3644067796610169,0.4583333333333333,0.35,0.4634146341463415,0.5,0.3626373626373626,0.5777777777777777,0.34591194968553457,0.39814814814814814,0.3928571428571429,0.6194690265486725,0.3096774193548387,0.3203125,0.20833333333333331,0.19801980198019806,0.2231404958677686,0.21359223300970875,0.3157894736842105,0.3516483516483517,0.3356643356643357,0.3027522935779817,0.8502673796791443,0.5775862068965517,0.8517520215633423,0.8535353535353535,0.2297297297297297,0.3333333333333333,0.2738853503184713,0.2828282828282828,0.4672897196261682,0.4065934065934066,0.375,0.35,0.32857142857142857,0.2875,0.325,0.2235294117647059,0.2857142857142857,0.31313131313131315,0.15328467153284672,0.3740458015267176,0.6464646464646465,0.6183206106870229,0.510752688172043,0.554945054945055,0.34567901234567894,0.8513513513513513,0.35036496350364965,0.5233644859813084,0.33663366336633666,0.4534883720930232,0.4344262295081967,0.42,0.7333333333333333,0.7829457364341085,0.5483870967741935,0.3970588235294117,0.4183673469387755,0.2972972972972973,0.28846153846153844,0.33628318584070804,0.4148936170212766,0.4696969696969697,0.25,0.3178294573643411
7,0.09230769230769233,0.05555555555555555,0.10434782608695653,0.1111111111111111,0.3974358974358974,0.5638297872340425,0.425531914893617,0.4222222222222222,0.35,0.4606741573033708,0.3648648648648649,0.3655913978494624,0.10909090909090907,0.2533333333333333,0.09183673469387756,0.18181818181818185,0.2558139534883721,0.3018867924528302,0.3090909090909091,0.375,0.3414634146341464,0.273972602739726,0.25,0.3611111111111111,0.4264705882352941,0.35714285714285715,0.5909090909090909,0.4848484848484849,0.3626373626373626,0.73,0.3478260869565217,0.4433962264150944,0.4606741573033708,0.6,0.33986928104575165,0.3898305084745763,0.17525773195876287,0.19230769230769232,0.246031746031746,0.24509803921568624,0.3928571428571429,0.36781609195402293,0.3533333333333333,0.3904761904761905,0.8270042194092827,0.75,0.8176638176638177,0.8070175438596491,0.3235294117647059,0.4174757281553398,0.4641148325358852,0.3505154639175257,0.44954128440366975,0.35869565217391297,0.3924050632911392,0.3636363636363637,0.31746031746031744,0.2716049382716049,0.26548672566371684,0.225,0.2524271844660194,0.3711340206185567,0.18840579710144928,0.3428571428571429,0.6700507614213198,0.632,0.5347593582887701,0.7105263157894737,0.37974683544303794,0.8076923076923077,0.3722627737226277,0.5675675675675675,0.3762376237623761,0.4204545454545455,0.4959349593495935,0.4215686274509804,0.8007380073800738,0.7984496124031008,0.6161971830985915,0.4344827586206896,0.4065934065934066,0.3132530120481928,0.4528301886792453,0.3779527559055118,0.35714285714285715,0.4406779661016949,0.3488372093023256,0.3642857142857143
8,0.20895522388059698,0.09302325581395347,0.07017543859649122,0.14814814814814814,0.4864864864864865,0.5833333333333334,0.4685314685314685,0.4571428571428571,0.2777777777777778,0.4565217391304348,0.4057971014492754,0.44565217391304346,0.14150943396226415,0.2794117647058824,0.11458333333333333,0.10843373493975904,0.18823529411764706,0.2692307692307692,0.3613445378151261,0.4020618556701031,0.3333333333333333,0.2777777777777778,0.1774193548387097,0.3217391304347826,0.527027027027027,0.5,0.4736842105263158,0.4666666666666667,0.3684210526315789,0.69,0.3728813559322034,0.4955752212389381,0.4948453608247423,0.6548672566371682,0.3263888888888889,0.44954128440366975,0.2,0.18181818181818185,0.2903225806451613,0.24489795918367346,0.4411764705882353,0.38372093023255816,0.32894736842105265,0.4646464646464646,0.8351063829787234,0.6978417266187049,0.8249027237354085,0.8595505617977528,0.375,0.3333333333333333,0.3141025641025641,0.32222222222222224,0.4716981132075472,0.3977272727272727,0.3424657534246575,0.4262295081967213,0.35135135135135137,0.25925925925925924,0.3106796116504854,0.2716049382716049,0.29245283018867924,0.3448275862068966,0.21428571428571427,0.3458646616541353,0.6683168316831684,0.5523809523809524,0.5227272727272727,0.6358695652173914,0.4166666666666667,0.7466666666666667,0.4485294117647059,0.5811965811965812,0.38144329896907214,0.475,0.4817518248175183,0.4444444444444444,0.8119266055045872,0.7837837837837838,0.7535816618911175,0.3931034482758621,0.4117647058823529,0.39325842696629215,0.4821428571428572,0.2827586206896552,0.4141414141414141,0.4393939393939394,0.3684210526315789,0.3566433566433567
9,0.140625,0.08235294117647059,0.06194690265486725,0.12727272727272726,0.3924050632911392,0.5662650602409639,0.4307692307692308,0.5051546391752577,0.3561643835616438,0.4222222222222222,0.3712121212121212,0.4444444444444444,0.1388888888888889,0.2352941176470588,0.1276595744680851,0.12790697674418605,0.2183908045977012,0.392156862745098,0.32432432432432434,0.3838383838383838,0.3253012048192771,0.3970588235294117,0.20634920634920634,0.4251968503937008,0.4452554744525548,0.32,0.28,0.3947368421052632,0.4482758620689655,0.7326732673267327,0.3939393939393939,0.5130434782608696,0.5955056179775281,0.6324786324786325,0.3469387755102041,0.4444444444444444,0.14583333333333334,0.2,0.264,0.22916666666666666,0.4056603773584906,0.3764705882352941,0.4230769230769231,0.4020618556701031,0.8497409326424871,0.6888888888888889,0.8275862068965517,0.8333333333333334,0.2575757575757576,0.32989690721649484,0.2756410256410257,0.3229166666666667,0.5480769230769231,0.34523809523809523,0.4064516129032258,0.4782608695652174,0.3384615384615385,0.3373493975903614,0.2980769230769231,0.35064935064935066,0.25961538461538464,0.3555555555555556,0.20567375886524825,0.3308270676691729,0.7028301886792453,0.6304347826086957,0.5876288659793815,0.6216216216216216,0.4810126582278481,0.7027027027027027,0.4379562043795621,0.5675675675675675,0.3894736842105263,0.4615384615384616,0.4776119402985074,0.4361702127659575,0.8009478672985783,0.6989247311827957,0.7521367521367521,0.4014084507042254,0.3434343434343434,0.3647058823529412,0.4150943396226415,0.33986928104575165,0.43,0.4,0.4565217391304348,0.29927007299270075
10,0.1774193548387097,0.08333333333333333,0.08035714285714286,0.07272727272727272,0.4520547945205479,0.5512820512820513,0.4488188976377953,0.5050505050505051,0.32432432432432434,0.37777777777777777,0.3819444444444444,0.43478260869565216,0.1176470588235294,0.29577464788732394,0.05319148936170213,0.12941176470588234,0.21686746987951808,0.3333333333333333,0.3928571428571429,0.3368421052631579,0.3414634146341464,0.373134328358209,0.25,0.3302752293577982,0.4666666666666667,0.5185185185185185,0.4090909090909091,0.4615384615384616,0.4239130434782609,0.6464646464646465,0.4425287356321839,0.4736842105263158,0.5384615384615384,0.6545454545454545,0.3873239436619718,0.4741379310344828,0.22448979591836732,0.18181818181818185,0.2066115702479339,0.2608695652173913,0.4711538461538462,0.4767441860465117,0.4557823129251701,0.4421052631578947,0.8602941176470589,0.6458333333333334,0.8566666666666667,0.7992565055762082,0.31343283582089554,0.3978494623655914,0.28289473684210525,0.2988505747126437,0.4432989690721649,0.3218390804597701,0.43225806451612897,0.475,0.37681159420289856,0.3414634146341464,0.38461538461538464,0.32,0.27102803738317754,0.3763440860215054,0.2362204724409449,0.3712121212121212,0.6666666666666666,0.6979865771812079,0.6122448979591837,0.6724137931034483,0.4578313253012048,0.7790697674418605,0.4172661870503597,0.5739130434782609,0.3333333333333333,0.4,0.4919354838709678,0.4222222222222222,0.758364312267658,0.5263157894736842,0.8506666666666667,0.5059523809523809,0.4351851851851852,0.3855421686746988,0.4339622641509434,0.3178807947019868,0.4271844660194175,0.3333333333333333,0.375,0.36
11,0.15873015873015872,0.0963855421686747,0.11009174311926606,0.1206896551724138,0.4794520547945205,0.6,0.4885496183206106,0.4946236559139785,0.3108108108108108,0.43373493975903615,0.4189189189189189,0.4791666666666667,0.05882352941176471,0.2714285714285714,0.14444444444444446,0.11627906976744184,0.2261904761904762,0.3333333333333333,0.3652173913043478,0.4329896907216495,0.35869565217391297,0.3382352941176471,0.3207547169811321,0.3157894736842105,0.4666666666666667,0.4761904761904762,0.4615384615384616,0.3870967741935484,0.5666666666666667,0.6285714285714286,0.4610778443113773,0.5327102803738317,0.5555555555555556,0.6517857142857143,0.3904109589041096,0.4615384615384616,0.18811881188118806,0.10576923076923077,0.2,0.23404255319148934,0.4690265486725664,0.4318181818181818,0.4055944055944056,0.40425531914893614,0.8549618320610687,0.6649214659685864,0.8238636363636364,0.8700980392156863,0.3287671232876712,0.3647058823529412,0.26282051282051283,0.25555555555555554,0.5057471264367817,0.33707865168539325,0.4658385093167702,0.4954954954954955,0.3880597014925373,0.3048780487804878,0.3626373626373626,0.2987012987012987,0.2432432432432433,0.35714285714285715,0.2230769230769231,0.3740458015267176,0.6894736842105263,0.7295597484276729,0.6243093922651933,0.6612903225806451,0.4929577464788733,0.7922077922077922,0.5608108108108109,0.6,0.3877551020408163,0.4625,0.4642857142857143,0.3764705882352941,0.8214285714285714,0.6288659793814433,0.8264705882352941,0.5444444444444444,0.3577981651376147,0.4606741573033708,0.3962264150943397,0.39864864864864863,0.4117647058823529,0.4444444444444444,0.4390243902439024,0.32
12,0.125,0.10843373493975904,0.08256880733944955,0.12727272727272726,0.3972602739726027,0.5952380952380952,0.5,0.4842105263157895,0.2631578947368421,0.3977272727272727,0.3680555555555556,0.41,0.1619047619047619,0.3,0.08602150537634409,0.16091954022988506,0.3,0.4166666666666667,0.3884297520661157,0.42,0.3793103448275862,0.4545454545454545,0.3076923076923077,0.3675213675213676,0.3859649122807017,0.4482758620689655,0.5384615384615384,0.4390243902439024,0.5368421052631579,0.6538461538461539,0.42168674698795183,0.4957983193277311,0.4615384615384616,0.6330275229357798,0.4357142857142857,0.5267857142857143,0.21568627450980396,0.15384615384615385,0.16666666666666666,0.2277227722772277,0.5126050420168067,0.4588235294117647,0.4647887323943662,0.4367816091954023,0.8611111111111112,0.7397260273972602,0.856655290102389,0.8670694864048338,0.31343283582089554,0.3655913978494624,0.2465753424657534,0.26666666666666666,0.4736842105263158,0.3,0.38666666666666666,0.4916666666666666,0.4264705882352941,0.3783783783783784,0.36666666666666653,0.2911392405063291,0.3043478260869565,0.3882352941176471,0.26618705035971224,0.3951612903225806,0.6318407960199005,0.7530120481927711,0.5133333333333333,0.6492146596858639,0.4868421052631579,0.7466666666666667,0.4965034965034965,0.5294117647058824,0.3829787234042553,0.4473684210526316,0.4477611940298508,0.4470588235294118,0.8553191489361702,0.5168539325842697,0.8242811501597445,0.6620370370370371,0.3545454545454545,0.5,0.462962962962963,0.34415584415584416,0.4,0.42857142857142855,0.4358974358974359,0.32
13,0.13636363636363635,0.08433734939759037,0.07142857142857142,0.09433962264150944,0.4084507042253521,0.5869565217391305,0.4814814814814815,0.55,0.3947368421052632,0.3977272727272727,0.3897058823529412,0.3763440860215054,0.11320754716981132,0.1791044776119403,0.15555555555555556,0.12941176470588234,0.26436781609195403,0.2909090909090909,0.36666666666666653,0.404040404040404,0.3295454545454545,0.4444444444444444,0.4230769230769231,0.3934426229508197,0.4571428571428571,0.36666666666666653,0.5151515151515151,0.4324324324324325,0.5340909090909091,0.6534653465346535,0.4438202247191011,0.4851485148514851,0.5,0.6272727272727273,0.4228187919463087,0.5242718446601942,0.2765957446808511,0.21782178217821785,0.18421052631578946,0.2358490566037736,0.4912280701754386,0.4938271604938271,0.4342105263157895,0.43333333333333335,0.8417266187050358,0.7555555555555555,0.8440677966101695,0.8517587939698492,0.2753623188405797,0.4117647058823529,0.2797202797202797,0.2727272727272727,0.52,0.3493975903614458,0.4545454545454545,0.4916666666666666,0.3880597014925373,0.3116883116883117,0.32673267326732675,0.3373493975903614,0.3148148148148148,0.3548387096774194,0.248,0.425,0.6968325791855203,0.7716049382716049,0.6382978723404256,0.6436170212765957,0.55,0.6538461538461539,0.4315068493150685,0.5158730158730159,0.4565217391304348,0.5064935064935064,0.4518518518518518,0.4302325581395349,0.8165467625899281,0.4625,0.8260869565217391,0.6889763779527559,0.3947368421052632,0.4583333333333333,0.43478260869565216,0.4407894736842105,0.3783783783783784,0.4736842105263158,0.3409090909090909,0.3401360544217687
14,0.1774193548387097,0.061728395061728385,0.06422018348623854,0.15517241379310345,0.37142857142857133,0.5652173913043478,0.4758064516129033,0.4848484848484849,0.4025974025974026,0.3076923076923077,0.4184397163120567,0.425531914893617,0.099009900990099,0.265625,0.10112359550561796,0.18888888888888888,0.27710843373493976,0.3461538461538461,0.35897435897435903,0.4725274725274725,0.32222222222222224,0.421875,0.3,0.4047619047619048,0.4166666666666667,0.4230769230769231,0.43333333333333335,0.42857142857142855,0.5638297872340425,0.6699029126213593,0.4311377245508982,0.49,0.5638297872340425,0.5727272727272728,0.4777070063694268,0.4901960784313725,0.24509803921568624,0.22857142857142854,0.20175438596491227,0.2427184466019417,0.5714285714285714,0.4390243902439024,0.4482758620689655,0.4125,0.8776978417266187,0.743801652892562,0.823076923076923,0.8210526315789474,0.3333333333333333,0.3132530120481928,0.2746478873239437,0.27586206896551724,0.4615384615384616,0.35,0.5,0.5039370078740157,0.39130434782608703,0.3815789473684211,0.4,0.3855421686746988,0.3035714285714285,0.3888888888888889,0.2393162393162393,0.368,0.7168141592920354,0.6776859504132231,0.6477987421383647,0.6545454545454545,0.5641025641025641,0.6447368421052632,0.4761904761904762,0.5579710144927537,0.39325842696629215,0.4714285714285714,0.41935483870967744,0.4545454545454545,0.8435114503816794,0.7610062893081762,0.8398576512455516,0.6231884057971014,0.3018867924528302,0.3896103896103896,0.5,0.4025974025974026,0.3928571428571429,0.4032258064516129,0.3636363636363637,0.4125874125874126
15,0.08064516129032258,0.075,0.09174311926605504,0.125,0.4583333333333333,0.5569620253164557,0.5413533834586466,0.5217391304347826,0.2463768115942029,0.313953488372093,0.37777777777777777,0.3829787234042553,0.1111111111111111,0.2835820895522388,0.175,0.11627906976744184,0.27848101265822783,0.32142857142857145,0.3949579831932773,0.3958333333333333,0.38666666666666666,0.4677419354838709,0.3555555555555556,0.4146341463414634,0.44,0.38461538461538464,0.6,0.3448275862068966,0.4888888888888889,0.6,0.4268292682926829,0.4736842105263158,0.5057471264367817,0.5471698113207547,0.4379084967320261,0.5327102803738317,0.22,0.1855670103092784,0.1834862385321101,0.25,0.4957264957264957,0.4594594594594595,0.4893617021276596,0.4712643678160919,0.8863636363636364,0.7803921568627451,0.8291139240506329,0.8613333333333333,0.34375,0.3863636363636364,0.32432432432432434,0.3690476190476191,0.5217391304347826,0.4268292682926829,0.4013605442176871,0.5,0.375,0.37974683544303794,0.3617021276595745,0.3376623376623377,0.3157894736842105,0.3734939759036144,0.24545454545454545,0.392,0.7142857142857143,0.6904761904761905,0.6644295302013423,0.5935483870967742,0.4935064935064935,0.620253164556962,0.41496598639455773,0.5317460317460317,0.3333333333333333,0.527027027027027,0.5203252032520326,0.37974683544303794,0.8137651821862348,0.5113636363636364,0.8445378151260504,0.6970954356846473,0.404040404040404,0.4230769230769231,0.3725490196078432,0.40625,0.3428571428571429,0.38461538461538464,0.43478260869565216,0.3708609271523179
16,0.171875,0.10843373493975904,0.13861386138613865,0.10909090909090907,0.4057971014492754,0.5641025641025641,0.5323741007194245,0.5054945054945055,0.2631578947368421,0.3295454545454545,0.3897058823529412,0.4123711340206185,0.15,0.22857142857142854,0.16091954022988506,0.10843373493975904,0.2625,0.37735849056603776,0.34513274336283184,0.4148936170212766,0.4146341463414634,0.4354838709677419,0.27450980392156865,0.4,0.4477611940298508,0.4,0.4444444444444444,0.19230769230769232,0.4827586206896552,0.5625,0.44375,0.5728155339805825,0.4642857142857143,0.5263157894736842,0.4228187919463087,0.4509803921568628,0.22448979591836732,0.15151515151515152,0.2368421052631579,0.21739130434782608,0.4666666666666667,0.5694444444444444,0.475177304964539,0.4871794871794872,0.8541666666666666,0.7785714285714286,0.8204225352112676,0.8236994219653179,0.3333333333333333,0.372093023255814,0.23776223776223776,0.3376623376623377,0.5208333333333334,0.3902439024390244,0.42028985507246375,0.425,0.35211267605633795,0.375,0.3870967741935484,0.3815789473684211,0.3173076923076923,0.4615384615384616,0.2672413793103448,0.3793103448275862,0.7260869565217392,0.6792452830188679,0.6666666666666666,0.6723163841807911,0.5125,0.5641025641025641,0.4676258992805755,0.5760000000000001,0.34523809523809523,0.4155844155844156,0.42063492063492064,0.4428571428571429,1.0,0.4,0.8744186046511628,0.6284403669724771,0.37383177570093457,0.4177215189873418,0.4655172413793103,0.4726027397260274,0.4491525423728814,0.532258064516129,0.3695652173913043,0.39436619718309857
17,0.16393442622950818,0.0975609756097561,0.07476635514018691,0.11320754716981132,0.4444444444444444,0.5316455696202531,0.4462809917355372,0.44943820224719105,0.2432432432432433,0.3043478260869565,0.4,0.3522727272727273,0.099009900990099,0.2923076923076923,0.10843373493975904,0.12941176470588234,0.2727272727272727,0.3269230769230769,0.3826086956521739,0.4021739130434783,0.45,0.4477611940298508,0.3333333333333333,0.4067796610169492,0.5,0.32142857142857145,0.3902439024390244,0.375,0.4482758620689655,0.6170212765957447,0.4387096774193549,0.4903846153846154,0.5747126436781609,0.490566037735849,0.4966442953020134,0.5050505050505051,0.25742574257425743,0.1958762886597938,0.18867924528301888,0.24489795918367346,0.5096153846153846,0.5308641975308642,0.4662162162162162,0.4024390243902439,0.8783783783783784,0.7731958762886598,0.8230088495575221,0.8563968668407309,0.27586206896551724,0.36585365853658536,0.323943661971831,0.3333333333333333,0.4888888888888889,0.4230769230769231,0.5037037037037037,0.5045045045045045,0.4,0.3947368421052632,0.3409090909090909,0.375,0.27722772277227725,0.4352941176470588,0.2307692307692308,0.3577235772357724,0.6923076923076923,0.6355140186915887,0.6463414634146342,0.6211180124223602,0.5375,0.6075949367088608,0.44680851063829785,0.5905511811023622,0.42857142857142855,0.4929577464788733,0.4913793103448276,0.42105263157894735,0.8361581920903954,0.4573643410852713,0.8564814814814815,0.7793594306049823,0.38738738738738737,0.4,0.4716981132075472,0.4565217391304348,0.4144144144144144,0.3888888888888889,0.3953488372093023,0.3481481481481481
18,0.15873015873015872,0.1153846153846154,0.09565217391304348,0.1016949152542373,0.4264705882352941,0.5584415584415584,0.5112781954887218,0.4693877551020408,0.2058823529411765,0.32222222222222224,0.37142857142857133,0.3978494623655914,0.07142857142857142,0.29411764705882354,0.1111111111111111,0.12195121951219512,0.2976190476190476,0.3818181818181817,0.3333333333333333,0.3958333333333333,0.38666666666666666,0.5,0.42857142857142855,0.4354838709677419,0.559322033898305,0.48,0.40625,0.4375,0.4418604651162791,0.53125,0.3765432098765432,0.5108695652173914,0.5604395604395604,0.4818181818181818,0.4405594405594406,0.5148514851485149,0.21428571428571427,0.15789473684210525,0.1851851851851852,0.2631578947368421,0.4678899082568808,0.4268292682926829,0.5289256198347108,0.3815789473684211,0.8888888888888888,0.7705479452054794,0.8465909090909091,0.8690176322418136,0.3387096774193548,0.3522727272727273,0.25675675675675674,0.34567901234567894,0.5164835164835165,0.4230769230769231,0.4772727272727273,0.4956521739130435,0.4032258064516129,0.42857142857142855,0.34444444444444444,0.2987012987012987,0.3047619047619048,0.35365853658536583,0.2743362831858407,0.3728813559322034,0.7405857740585774,0.5517241379310345,0.6408450704225352,0.6451612903225806,0.5142857142857142,0.6027397260273972,0.4893617021276596,0.5409836065573771,0.4177215189873418,0.4861111111111111,0.4705882352941176,0.4246575342465753,0.8498293515358362,0.7045454545454546,0.8577235772357723,0.77431906614786,0.34545454545454546,0.4358974358974359,0.425531914893617,0.5151515151515151,0.3471074380165289,0.3389830508474576,0.35897435897435903,0.40540540540540543
19,0.22033898305084745,0.09090909090909093,0.10280373831775699,0.10344827586206896,0.4155844155844156,0.5308641975308642,0.4651162790697674,0.4516129032258064,0.2702702702702703,0.2804878048780488,0.3706293706293706,0.375,0.1368421052631579,0.24242424242424246,0.13095238095238096,0.21176470588235294,0.20512820512820512,0.34,0.3801652892561984,0.42268041237113396,0.4941176470588236,0.4393939393939394,0.41818181818181815,0.43609022556390975,0.4393939393939394,0.43333333333333335,0.3928571428571429,0.5714285714285714,0.4827586206896552,0.5913978494623656,0.42857142857142855,0.4505494505494506,0.5783132530120482,0.5533980582524272,0.42657342657342656,0.46,0.2079207920792079,0.20618556701030927,0.2272727272727273,0.2376237623762376,0.4910714285714286,0.4324324324324325,0.5245901639344263,0.3815789473684211,0.8967741935483872,0.7810457516339869,0.8326693227091634,0.8611825192802056,0.2711864406779661,0.3488372093023256,0.22962962962962966,0.3947368421052632,0.5054945054945055,0.35443037974683544,0.4632352941176471,0.5555555555555556,0.3275862068965517,0.4810126582278481,0.4123711340206185,0.39130434782608703,0.2551020408163265,0.375,0.24107142857142855,0.3391304347826087,0.7222222222222222,0.59375,0.6369426751592356,0.6408839779005525,0.5733333333333334,0.5538461538461539,0.4375,0.5575221238938053,0.41975308641975306,0.5652173913043478,0.5614035087719298,0.4358974358974359,0.8065843621399177,0.7536945812807881,0.8514056224899599,0.7017543859649122,0.3898305084745763,0.42857142857142855,0.4375,0.55,0.3478260869565217,0.4,0.4473684210526316,0.4014084507042254
20,0.1746031746031746,0.07407407407407407,0.07142857142857142,0.07017543859649122,0.37142857142857133,0.5512820512820513,0.5079365079365079,0.5050505050505051,0.3142857142857143,0.3414634146341464,0.4015748031496063,0.38461538461538464,0.1414141414141414,0.2318840579710145,0.14444444444444446,0.18604651162790695,0.21428571428571427,0.42857142857142855,0.3700787401574803,0.4432989690721649,0.4505494505494506,0.4782608695652174,0.35185185185185186,0.4601769911504425,0.5538461538461539,0.56,0.4339622641509434,0.43333333333333335,0.5333333333333333,0.5416666666666666,0.45625,0.5,0.4743589743589744,0.5,0.3900709219858156,0.5050505050505051,0.2857142857142857,0.1919191919191919,0.23008849557522126,0.2475247524752475,0.4953271028037383,0.4025974025974026,0.4649122807017544,0.4189189189189189,0.8571428571428571,0.7689393939393939,0.8172588832487309,0.8753462603878116,0.3333333333333333,0.37777777777777777,0.2847222222222222,0.3333333333333333,0.5227272727272727,0.4487179487179487,0.4365079365079365,0.4952380952380953,0.31666666666666665,0.38235294117647056,0.44943820224719105,0.3611111111111111,0.30612244897959184,0.4155844155844156,0.2605042016806723,0.368,0.7511111111111111,0.64,0.6756756756756757,0.5870967741935483,0.5692307692307692,0.56,0.5072463768115942,0.6209677419354839,0.4430379746835443,0.4782608695652174,0.4869565217391305,0.3717948717948718,0.8586206896551725,0.6740331491712708,0.8935185185185185,0.6729857819905213,0.3706896551724138,0.4868421052631579,0.3695652173913043,0.463768115942029,0.375,0.3965517241379311,0.37142857142857133,0.3739837398373984
21,0.15,0.08974358974358974,0.08411214953271028,0.08928571428571429,0.4084507042253521,0.5584415584415584,0.4836065573770492,0.4431818181818182,0.2535211267605634,0.3012048192771085,0.3538461538461539,0.4186046511627907,0.1485148514851485,0.2571428571428571,0.16091954022988506,0.13580246913580246,0.20987654320987653,0.2962962962962963,0.3252032520325203,0.3663366336633663,0.3793103448275862,0.4776119402985074,0.4259259259259259,0.4297520661157025,0.35443037974683544,0.4827586206896552,0.4047619047619048,0.2307692307692308,0.4835164835164835,0.5360824742268041,0.4451612903225807,0.5555555555555556,0.5662650602409639,0.4666666666666667,0.4166666666666667,0.5148514851485149,0.2604166666666667,0.17525773195876287,0.2685185185185185,0.2647058823529412,0.4545454545454545,0.3717948717948718,0.5225225225225225,0.3888888888888889,0.8892857142857142,0.8203592814371258,0.842809364548495,0.8506024096385543,0.3448275862068966,0.37777777777777777,0.26811594202898553,0.37333333333333335,0.5319148936170213,0.5384615384615384,0.4384615384615385,0.5151515151515151,0.3709677419354839,0.421875,0.3888888888888889,0.2753623188405797,0.3364485981308411,0.4324324324324325,0.2627118644067797,0.4,0.6903553299492385,0.6347826086956522,0.6303030303030303,0.656441717791411,0.5753424657534246,0.5416666666666666,0.4306569343065693,0.5416666666666666,0.3717948717948718,0.4166666666666667,0.4380952380952381,0.3939393939393939,0.8023715415019763,0.7511961722488039,0.8444444444444444,0.7736486486486487,0.3119266055045872,0.4027777777777778,0.4,0.4671532846715328,0.4354838709677419,0.4363636363636363,0.3055555555555556,0.4015748031496063
22,0.18032786885245905,0.06329113924050632,0.07964601769911504,0.10714285714285714,0.42857142857142855,0.5675675675675675,0.4580152671755725,0.5842696629213483,0.2463768115942029,0.2564102564102564,0.3609022556390977,0.4302325581395349,0.1111111111111111,0.2307692307692308,0.12048192771084335,0.1590909090909091,0.32098765432098764,0.4807692307692308,0.319672131147541,0.42105263157894735,0.4827586206896552,0.5217391304347826,0.34545454545454546,0.4148148148148148,0.3559322033898305,0.3333333333333333,0.38461538461538464,0.42857142857142855,0.4827586206896552,0.5360824742268041,0.4716981132075472,0.4489795918367347,0.5348837209302325,0.4814814814814815,0.375886524822695,0.4479166666666667,0.2525252525252525,0.24468085106382975,0.3055555555555556,0.26,0.4579439252336449,0.3333333333333333,0.4358974358974359,0.4074074074074074,0.9105691056910568,0.7973421926910299,0.8502202643171806,0.8519480519480519,0.34545454545454546,0.4069767441860465,0.2391304347826087,0.3376623376623377,0.5053763440860215,0.4303797468354431,0.5396825396825397,0.4827586206896552,0.459016393442623,0.3692307692307693,0.36585365853658536,0.3428571428571429,0.3297872340425532,0.3698630136986301,0.27522935779816515,0.3781512605042017,0.7272727272727273,0.6226415094339622,0.6774193548387096,0.630057803468208,0.5606060606060606,0.5694444444444444,0.5303030303030303,0.5405405405405406,0.3125,0.5230769230769231,0.4579439252336449,0.4415584415584416,0.8545454545454545,0.7487437185929648,0.8527131782945736,0.7647058823529411,0.3490566037735849,0.3472222222222222,0.4814814814814815,0.4710144927536232,0.4351145038167939,0.4035087719298245,0.3409090909090909,0.3671875
23,0.2033898305084746,0.0975609756097561,0.0925925925925926,0.1206896551724138,0.3809523809523809,0.6056338028169014,0.4814814814814815,0.4411764705882353,0.2898550724637681,0.2804878048780488,0.34328358208955223,0.4318181818181818,0.125,0.3384615384615385,0.14285714285714285,0.16470588235294115,0.21794871794871795,0.4166666666666667,0.2890625,0.3939393939393939,0.4556962025316456,0.5441176470588235,0.3076923076923077,0.40625,0.43333333333333335,0.41935483870967744,0.39130434782608703,0.5142857142857142,0.5280898876404494,0.5454545454545454,0.4113924050632912,0.4767441860465117,0.5,0.4607843137254902,0.3928571428571429,0.4565217391304348,0.22916666666666666,0.1595744680851064,0.2222222222222222,0.19,0.4509803921568628,0.4117647058823529,0.4786324786324786,0.475,0.9116022099447514,0.7568493150684932,0.8807339449541285,0.8983516483516484,0.3870967741935484,0.4090909090909091,0.20895522388059698,0.2911392405063291,0.5952380952380952,0.3684210526315789,0.4444444444444444,0.4909090909090909,0.5357142857142857,0.42424242424242425,0.39325842696629215,0.3076923076923077,0.3263157894736842,0.3783783783783784,0.32432432432432434,0.3185840707964602,0.7276785714285714,0.6476190476190476,0.6855345911949685,0.625,0.5238095238095238,0.6111111111111112,0.4573643410852713,0.5206611570247934,0.38666666666666666,0.4852941176470588,0.4351851851851852,0.4931506849315068,0.8345070422535211,0.84375,0.8590604026845637,0.66,0.3090909090909091,0.38666666666666666,0.4,0.4961832061068702,0.39669421487603307,0.4081632653061225,0.425,0.3956834532374101
24,0.17857142857142858,0.1518987341772152,0.08256880733944955,0.08771929824561403,0.359375,0.5555555555555556,0.5378787878787878,0.5217391304347826,0.25,0.2894736842105263,0.3953488372093023,0.4074074074074074,0.08333333333333333,0.2388059701492537,0.1176470588235294,0.14457831325301204,0.27058823529411763,0.2553191489361702,0.29411764705882354,0.3711340206185567,0.4430379746835443,0.5076923076923077,0.36538461538461536,0.3709677419354839,0.4705882352941176,0.5357142857142857,0.27586206896551724,0.59375,0.4883720930232558,0.5233644859813084,0.42857142857142855,0.44680851063829785,0.5584415584415584,0.405940594059406,0.38666666666666666,0.4455445544554456,0.2376237623762376,0.24210526315789474,0.23423423423423426,0.28,0.4421052631578947,0.4090909090909091,0.52,0.35365853658536583,0.9032258064516128,0.8006329113924051,0.8169642857142857,0.8661616161616161,0.3333333333333333,0.4021739130434783,0.2578125,0.2962962962962963,0.4942528735632184,0.4146341463414634,0.4435483870967742,0.5142857142857142,0.3793103448275862,0.4307692307692308,0.4146341463414634,0.3611111111111111,0.404040404040404,0.4,0.3,0.35200000000000004,0.7324561403508771,0.6747967479674797,0.6190476190476191,0.6666666666666666,0.5645161290322581,0.5416666666666666,0.5179856115107914,0.5405405405405406,0.3690476190476191,0.4354838709677419,0.43157894736842106,0.4078947368421053,0.8378378378378378,0.7016574585635359,0.8323699421965318,0.6666666666666666,0.3947368421052632,0.39436619718309857,0.375,0.5109489051094891,0.3870967741935484,0.3695652173913043,0.4324324324324325,0.4
25,0.1694915254237288,0.09210526315789473,0.10476190476190476,0.0847457627118644,0.3888888888888889,0.5294117647058824,0.5581395348837209,0.4835164835164835,0.2676056338028169,0.2894736842105263,0.3435114503816794,0.3734939759036144,0.1326530612244898,0.2794117647058824,0.1851851851851852,0.17857142857142858,0.2289156626506024,0.3541666666666667,0.2689075630252101,0.42105263157894735,0.4666666666666667,0.4545454545454545,0.32653061224489793,0.4296875,0.4477611940298508,0.5384615384615384,0.42105263157894735,0.46875,0.4523809523809524,0.4479166666666667,0.3986928104575164,0.3902439024390244,0.4473684210526316,0.3673469387755102,0.4041095890410959,0.5204081632653061,0.20833333333333331,0.1702127659574468,0.25,0.19801980198019806,0.3904761904761905,0.3272727272727273,0.4444444444444444,0.3580246913580247,0.9140271493212668,0.8,0.8592057761732852,0.8963133640552995,0.3928571428571429,0.3928571428571429,0.2575757575757576,0.3636363636363637,0.4382022471910113,0.3493975903614458,0.4778761061946903,0.5412844036697247,0.4406779661016949,0.4126984126984127,0.3333333333333333,0.41791044776119396,0.32653061224489793,0.4305555555555556,0.21621621621621626,0.3760683760683761,0.6990740740740741,0.5533980582524272,0.6289308176100629,0.7162162162162162,0.4761904761904762,0.5945945945945946,0.47200000000000003,0.525,0.35526315789473684,0.4833333333333333,0.3882352941176471,0.4666666666666667,0.8418079096045198,0.7891891891891892,0.8787878787878788,0.7881355932203391,0.41,0.375,0.372093023255814,0.4274809160305344,0.43200000000000005,0.5,0.4666666666666667,0.4015748031496063
26,0.13793103448275862,0.08860759493670886,0.06542056074766353,0.08771929824561403,0.4166666666666667,0.4626865671641791,0.4793388429752066,0.4831460674157304,0.29577464788732394,0.2948717948717949,0.33064516129032256,0.4074074074074074,0.13541666666666666,0.2575757575757576,0.09090909090909093,0.2023809523809524,0.24390243902439024,0.2708333333333333,0.3046875,0.4432989690721649,0.5,0.5,0.32653061224489793,0.4380165289256198,0.4691358024691358,0.5925925925925926,0.4324324324324325,0.4,0.4941176470588236,0.4565217391304348,0.4110429447852761,0.4137931034482759,0.5285714285714286,0.4571428571428571,0.3684210526315789,0.4607843137254902,0.20618556701030927,0.13978494623655913,0.22115384615384612,0.2604166666666667,0.4174757281553398,0.42372881355932196,0.4067796610169492,0.3703703703703704,0.875968992248062,0.8150684931506851,0.8379310344827586,0.8504672897196262,0.4509803921568628,0.4523809523809524,0.25384615384615383,0.2631578947368421,0.4878048780487805,0.3902439024390244,0.4406779661016949,0.5267857142857143,0.4655172413793103,0.42857142857142855,0.3614457831325301,0.43478260869565216,0.3877551020408163,0.4328358208955224,0.32038834951456313,0.38524590163934425,0.7038834951456311,0.5959595959595959,0.5955882352941176,0.6686390532544378,0.4821428571428572,0.5526315789473685,0.4926470588235294,0.4583333333333333,0.3670886075949367,0.46875,0.4791666666666667,0.40540540540540543,0.8716577540106952,0.765625,0.875,0.5852272727272727,0.4380952380952381,0.4,0.35,0.5354330708661418,0.4122137404580153,0.4423076923076923,0.4545454545454545,0.3305785123966942
